#{"t_start": 1784230683.8861885, "env_id": "snake-image-v0"}
r,l,t
-10.05,6,0.798975
-10.09,10,0.805782
-10.15,16,0.816617
-10.07,8,0.822204
-10.14,15,0.832196
-10.13,14,0.841671
-10.16,17,0.853718
-10.05,6,0.857603
-10.16,17,0.869234
-0.32,34,1.176841
-10.15,16,1.187979
-10.02,3,1.189924
-10.13,14,1.199563
-10.17,18,1.212285
-10.02,3,1.214376
-0.2,22,1.229948
-10.16,17,1.241381
-10.2,21,1.385373
-0.42,44,1.414629
-10.2,21,1.428676
-10.01,2,1.430018
-10.06,7,1.434942
-10.32,33,1.456583
-10.05,6,1.460826
9.49,54,1.627957
-10.29,30,1.648117
-10.17,18,1.660134
-10.56,57,1.82831
-10.36,37,1.853484
-0.09,11,1.860859
-10.13,14,1.870229
-10.02,3,1.872108
-10.11,12,1.880039
-10.02,3,1.881954
-10.89,90,2.072612
-10.17,18,2.085335
9.46,57,2.255308
-10.07,8,2.260984
-0.11,13,2.269836
-10.36,37,2.294942
-10.55,56,2.332341
-10.16,17,2.472969
-10.32,33,2.494831
-10.2,21,2.508577
-10.13,14,2.518184
9.61,42,2.546087
-10.68,69,2.725341
-10.29,30,2.745611
-10.37,38,2.777534
-10.05,6,2.920465
-10.07,8,2.926462
-10.06,7,2.930994
-10.32,33,2.954143
-10.26,27,2.972497
-10.19,20,2.986359
-10.06,7,2.990866
-10.54,55,3.163788
-0.46,48,3.196352
-10.05,6,3.200159
-10.07,8,3.205822
-10.36,37,3.374416
-10.07,8,3.380938
-10.32,33,3.410964
-10.59,60,3.46238
-10.19,20,3.476793
-10.44,45,3.652734
-11.32,133,3.878247
-10.04,5,3.881431
-10.18,19,3.894533
-0.69,71,4.088865
-10.64,65,4.141531
-10.49,50,4.333035
-10.47,48,4.368031
-10.17,18,4.387271
7.68,235,4.83023
-11.84,185,5.081432
8.36,167,5.45263
-11.06,107,5.52305
-12.0,201,5.920122
9.5,53,5.955522
-12.0,201,6.77556
-10.85,86,6.963361
-12.0,201,7.253322
-12.0,201,7.667637
-10.46,47,7.701699
-10.76,77,7.908984
-10.33,34,7.93415
-10.19,20,7.947888
8.4,163,8.196105
-1.99,201,8.595001
-11.33,134,8.818124
-11.56,157,9.050392
-3.04,306,9.646414
-12.0,201,9.907038
-10.42,43,10.064703
-10.51,52,10.098799
-12.0,201,10.490377
-10.64,65,10.532854
-12.0,201,10.93194
-12.0,201,11.200537
-12.0,201,11.602094
-12.0,201,11.868993
-12.0,201,12.694386
-12.0,201,13.090698
-1.52,154,13.330417
-11.52,153,13.619599
-10.07,8,13.625192
-10.54,55,13.662813
-12.0,201,14.072437
-1.86,188,14.344621
-12.0,201,14.754555
-12.0,201,15.17305
-12.0,201,15.443872
-12.0,201,15.869655
-12.0,201,16.136821
6.63,340,16.786176
-12.0,201,17.178122
-12.0,201,17.439198
-12.0,201,17.838251
-12.0,201,18.524369
-12.0,201,18.917407
-2.82,284,19.369618
-12.0,201,19.762159
-12.0,201,20.026081
-2.23,225,20.466455
-12.0,201,20.906568
-12.0,201,21.170128
-10.38,39,21.195514
-12.0,201,21.593629
6.9,313,22.085823
-12.0,201,22.489527
-12.0,201,22.890732
-12.0,201,23.164153
-12.0,201,23.569303
-10.1,11,23.576523
-12.0,201,24.253359
-1.42,144,24.479504
-12.0,201,24.871065
-12.0,201,25.277065
-3.15,317,25.748804
-10.21,22,25.763201
-2.36,238,26.187787
-10.02,3,26.189825
-10.13,14,26.199289
-2.21,223,26.614599
-12.0,201,27.006421
-2.18,220,27.300562
-12.0,201,27.710002
-12.0,201,27.971509
-1.52,154,28.33537
-0.16,18,28.347373
-10.23,24,28.36343
-0.25,27,28.381217
6.25,378,29.044175
-12.0,201,29.445429
-12.0,201,30.144073
-10.25,26,30.161495
-10.03,4,30.164017
-10.6,61,30.336224
-1.0,102,30.535418
-10.02,3,30.537384
-0.52,54,30.573171
7.89,214,30.97526
-2.72,274,31.411731
-2.45,247,31.836858
9.06,97,32.032251
-2.11,213,32.300815
-12.0,201,32.693364
-0.44,46,32.723233
-0.57,59,32.893379
-2.29,231,33.303438
-10.06,7,33.307878
-3.38,340,33.803017
6.51,352,34.453306
-12.0,201,34.845338
-10.06,7,34.849869
-2.27,229,35.133804
-12.0,201,35.961065
-0.88,90,36.149736
-3.75,377,36.789372
-12.0,201,37.052324
-12.0,201,37.441553
-10.03,4,37.444404
-10.02,3,37.446309
-12.0,201,37.708313
-12.0,201,38.101851
-10.66,67,38.274441
-12.0,201,38.536509
-12.0,201,38.929335
-12.0,201,39.192276
-12.0,201,39.58231
-10.19,20,39.595808
-12.0,201,39.991216
6.77,326,40.462156
-11.23,124,40.673085
-12.0,201,41.491149
7.32,271,41.926972
-0.93,95,41.990655
-12.0,201,42.38688
7.87,216,42.790563
-2.05,207,43.05832
-12.0,201,43.450673
-12.0,201,43.712988
-11.4,141,44.06579
-12.0,201,44.326075
18.96,108,44.527694
-12.0,201,44.921944
-11.26,127,45.133219
-12.0,201,45.39357
-0.79,81,45.576464
-1.42,144,45.802273
-10.18,19,45.814797
-12.0,201,46.205589
-0.55,57,46.243597
-12.0,201,46.635217
-10.3,31,47.074492
-11.04,105,47.271828
-1.39,141,47.492673
-10.06,7,47.497339
-11.6,161,47.734903
-12.0,201,48.12849
-11.53,154,48.359842
-12.0,201,48.623368
-12.0,201,49.018399
6.17,386,49.661791
-2.1,212,50.062505
-12.0,201,50.325224
-12.0,201,50.717423
-10.06,7,50.722147
-10.26,27,50.739956
-12.0,201,51.133898
-1.73,175,51.378551
-10.73,74,51.555745
-2.96,298,52.013488
-10.22,23,52.028868
5.63,440,53.272548
-12.0,201,53.530989
-10.03,4,53.533664
-0.15,17,53.544964
-2.39,241,53.960514
-10.09,10,53.966947
-12.0,201,54.358945
-12.0,201,54.621461
-1.94,196,55.009046
-12.0,201,55.273084
-10.58,59,55.442751
-0.31,33,55.464131
-2.27,229,55.873823
-12.0,201,56.265522
-10.05,6,56.269658
-0.39,41,56.296687
-10.08,9,56.302665
-12.0,201,56.692443
-12.0,201,56.954696
-12.0,201,57.348892
-2.23,225,57.626233
-10.15,16,57.766548
6.6,343,58.682968
-12.0,201,59.073118
7.46,257,59.500968
-2.5,252,59.925774
-12.0,201,60.190974
-2.0,202,60.584282
-12.0,201,60.976219
-10.32,33,60.999016
-10.06,7,61.004168
-12.0,201,61.267075
19.06,98,61.462594
-12.0,201,61.850524
-2.38,240,62.268062
-2.81,283,62.713721
-10.08,9,62.719887
-12.0,201,62.9811
-2.81,283,63.554704
-10.24,25,63.571154
-12.0,201,64.283091
-12.0,201,64.675704
-10.09,10,64.682372
-10.13,14,64.691345
-12.0,201,65.084501
-12.0,201,65.345102
-12.0,201,65.736329
-10.3,31,65.75665
-10.02,3,65.758553
-1.99,201,66.152567
-2.07,209,66.418878
-12.0,201,66.810463
6.93,310,67.275964
-10.55,56,67.442813
-11.18,119,67.649559
-12.0,201,67.91185
-0.61,63,68.082284
-12.0,201,68.346482
-12.0,201,68.738296
-12.0,201,69.133729
-12.0,201,69.810806
-11.58,159,70.045266
-10.06,7,70.049625
5.79,424,70.85026
-12.0,201,71.112431
-12.0,201,71.503926
-2.02,204,71.76802
-10.74,75,71.945327
-1.59,161,72.182479
-10.85,86,72.369212
-12.0,201,72.756384
-3.11,313,73.223522
-12.0,201,73.616386
-3.25,327,74.094876
-12.0,201,74.48954
-12.0,201,74.751056
-12.0,201,75.559408
-11.7,171,75.801111
-0.59,61,75.970761
-12.0,201,76.233168
-12.0,201,76.626167
-12.0,201,76.889224
-12.0,201,77.281579
-11.1,111,77.48258
-10.05,6,77.486628
-12.0,201,77.7466
-12.0,201,78.140994
-12.0,201,78.545559
-12.0,201,78.807756
-12.0,201,79.199129
-3.69,371,79.836727
-12.0,201,80.097769
7.36,267,80.537266
-12.0,201,81.343646
-1.71,173,81.585618
-10.26,27,81.603479
-12.0,201,81.99503
-10.34,35,82.017842
-12.0,201,82.409783
-0.07,9,82.415795
-12.0,201,82.679678
-12.0,201,83.070708
-12.0,201,83.460148
-1.83,185,83.712683
-12.0,201,84.100806
-0.76,78,84.152382
-0.1,12,84.160362
-11.22,123,84.373231
-12.0,201,84.766442
-0.19,21,84.780348
-10.53,54,84.81719
-10.02,3,84.820172
-10.01,2,84.822189
-10.34,35,84.975063
8.6,143,85.199007
-12.0,201,85.462707
-12.0,201,85.856002
-1.66,168,86.0963
-10.86,87,86.703485
-3.67,369,87.336354
-2.62,264,87.772108
-10.85,86,87.95687
-2.71,273,88.395022
-3.18,320,88.865348
-10.12,13,88.873856
-12.0,201,89.264808
-2.61,263,89.699353
-12.0,201,90.08955
6.41,362,90.589747
-3.31,333,91.198608
-2.65,267,91.634195
-12.0,201,92.443584
-12.0,201,92.705277
-1.63,165,92.942691
-12.0,201,93.337213
-12.0,201,93.731134
-12.0,201,93.992784
-10.48,49,94.155342
-11.71,172,94.39794
-12.0,201,94.661923
-0.36,38,94.81761
7.44,259,95.249123
-12.0,201,95.510775
-2.88,290,96.092671
-10.03,4,96.095506
6.22,381,96.737198
-10.4,41,96.763984
-12.0,201,97.154593
-12.0,201,97.412858
-12.0,201,98.245373
-11.65,166,98.483252
-10.05,6,98.487331
-12.0,201,98.87909
-12.0,201,99.138333
-12.0,201,99.52988
-1.99,201,99.791085
-10.22,23,99.806203
-10.45,46,99.967211
-10.82,83,100.02157
-10.03,4,100.159364
-10.06,7,100.164445
-10.62,63,100.205849
-10.03,4,100.20845
-12.0,201,100.599614
-10.75,76,100.650441
8.39,164,101.020484
-2.12,214,101.290133
-2.36,238,101.706824
6.99,304,102.164332
-1.59,161,102.530133
-10.1,11,102.537323
7.54,249,102.957825
-1.99,201,103.649839
-12.0,201,104.043677
-2.8,282,104.487707
-12.0,201,104.87805
-12.0,201,105.138119
-12.0,201,105.52654
7.48,255,105.954161
-10.3,31,105.97456
-12.0,201,106.364316
-2.56,258,106.801195
17.56,248,107.227464
-11.52,153,107.455788
-3.23,325,107.930785
-12.0,201,108.321658
-2.43,245,108.740691
-2.08,210,109.431654
-11.11,112,109.636401
-12.0,201,110.026631
-12.0,201,110.288914
-2.6,262,110.720832
-2.81,283,111.296668
-2.05,207,111.56153
7.77,226,111.969681
-3.92,394,112.61586
-12.0,201,113.008272
-10.16,17,113.019227
-12.0,201,113.280393
-2.32,234,113.692148
-2.09,211,114.091535
7.33,270,114.944487
6.95,308,115.405922
-0.75,77,115.585513
-10.43,44,115.614781
-12.0,201,116.011411
-2.16,218,116.414633
6.76,327,116.890616
-12.0,201,117.277609
-10.14,15,117.287675
-10.13,14,117.297188
7.85,218,117.697977
-0.05,7,117.702424
-1.96,198,117.963869
-10.6,61,118.132767
-10.13,14,118.141725
-10.24,25,118.158474
-12.0,201,118.551605
-0.54,56,118.588876
-10.12,13,118.597414
-10.05,6,118.601172
7.79,224,119.011944
-12.0,201,119.402997
-12.0,201,119.669262
-2.72,274,120.527186
-2.31,233,120.939909
-12.0,201,121.331255
-2.48,250,121.758146
-11.33,134,121.978515
-12.0,201,122.239802
-11.7,171,122.610934
-12.0,201,122.872553
-10.63,64,123.045922
-0.85,87,123.102631
-1.01,103,123.301811
-2.54,256,123.728566
-12.0,201,124.121555
-10.07,8,124.127009
-10.83,84,124.182611
-12.0,201,124.574297
-11.22,123,124.786525
-10.17,18,124.798375
-12.0,201,125.191119
-0.74,76,125.240733
-10.59,60,125.409469
-2.13,215,125.680743
-12.0,201,126.506862
-1.51,153,126.738093
-12.0,201,127.131052
-12.0,201,127.391593
-12.0,201,127.781517
-10.59,60,127.820206
-11.58,159,128.185779
-10.86,87,128.243061
-2.44,246,128.664781
-2.54,256,129.094824
-12.0,201,129.485603
-2.15,217,129.75693
-12.0,201,130.149734
-10.99,100,130.343975
-12.0,201,130.610561
-2.38,240,131.026012
-1.87,189,131.409645
-2.35,237,132.241579
7.29,274,132.687883
-12.0,201,132.94998
-2.69,271,133.385623
-12.0,201,133.777053
-12.0,201,134.168899
-2.36,238,134.456463
-2.5,252,134.885067
-12.0,201,135.278552
8.25,178,135.527543
7.84,219,135.93173
-0.32,34,135.954186
-2.24,226,136.36315
-0.11,13,136.371684
-10.36,37,136.396228
-10.47,48,136.558909
-2.17,219,136.964875
-10.26,27,136.983001
5.86,417,138.060016
-2.26,228,138.469869
-10.13,14,138.479081
-10.48,49,138.512246
-12.0,201,138.901463
-12.0,201,139.166143
-12.0,201,139.559085
-12.0,201,139.955815
-12.0,201,140.219143
-0.16,18,140.231509
-12.0,201,140.622952
-10.8,81,140.675492
-12.0,201,141.063059
18.94,110,141.264381
17.55,249,141.683777
-12.0,201,141.945715
4.82,521,143.24842
-12.0,201,143.642292
-12.0,201,144.033053
-12.0,201,144.293615
-2.07,209,144.692006
-12.0,201,144.952474
-12.0,201,145.344674
-1.18,120,145.553013
7.08,295,146.008064
-12.0,201,146.401861
-12.0,201,146.66453
-12.0,201,147.053586
-1.48,150,147.282135
-12.0,201,147.674661
-12.0,201,147.934533
-12.0,201,148.325719
-12.0,201,149.005152
-11.62,163,149.372325
-12.0,201,149.635582
-12.0,201,150.028425
-10.14,15,150.037988
-12.0,201,150.307822
-11.66,167,150.677205
-12.0,201,150.936463
-12.0,201,151.326764
8.23,180,151.592884
-2.05,207,151.9942
-12.0,201,152.387132
-11.14,115,152.467457
-12.0,201,152.870691
-12.0,201,153.269766
-1.15,117,153.348119
-12.0,201,153.747028
-11.74,175,153.993935
-12.0,201,154.823812
-12.0,201,155.223685
6.64,339,155.713065
-12.0,201,156.110901
-10.05,6,156.115175
-2.08,210,156.384726
-12.0,201,156.782911
-2.25,227,157.198528
-12.0,201,157.464919
-12.0,201,157.862889
-12.0,201,158.128674
-12.0,201,158.527054
-12.0,201,158.926095
9.01,102,158.993167
-2.16,218,159.403076
-10.03,4,159.4062
-2.51,253,160.204658
-12.0,201,160.602888
-11.6,161,160.844243
-10.4,41,160.871239
-10.35,36,161.025038
-0.33,35,161.049094
-2.01,203,161.315714
-2.98,300,161.913422
-3.01,303,162.377451
-10.03,4,162.38009
-10.13,14,162.389739
-11.13,114,162.59676
-2.06,208,163.014007
-1.4,142,163.241127
-12.0,201,163.509582
-12.0,201,163.908458
-12.0,201,164.308348
-11.85,186,164.563225
-12.0,201,164.966019
-12.0,201,165.238066
-10.09,10,165.244966
-11.56,157,166.033014
-10.15,16,166.044238
-2.19,221,166.323103
-10.1,11,166.330029
-10.14,15,166.470891
-12.0,201,166.743305
-12.0,201,167.141709
-12.0,201,167.408245
-10.27,28,167.558443
-12.0,201,167.826537
-10.94,95,168.023517
-10.18,19,168.036254
19.95,9,168.042505
-3.66,368,168.684975
-0.79,81,168.872518
-3.85,387,169.522395
-12.0,201,169.789038
-10.34,35,169.812781
-12.0,201,170.214853
-2.0,202,170.615001
-10.74,75,170.665483
-2.44,246,171.093956
-10.51,52,171.128283
-3.15,317,172.178695
-10.36,37,172.203121
-11.66,167,172.576075
-12.0,201,172.840446
-12.0,201,173.232742
-0.5,52,173.266775
-3.67,369,173.906431
-2.3,232,174.320439
-12.0,201,174.581277
-2.11,213,174.987005
-2.62,264,175.421392
-0.75,77,175.602423
-2.36,238,176.02279
-1.44,146,176.2495
-2.65,267,176.685374
-3.96,398,177.761896
-10.91,92,177.954115
-3.2,322,178.425356
-12.0,201,178.818158
-1.46,148,179.046618
-2.23,225,179.4568
-12.0,201,179.719849
-10.47,48,179.883291
-12.0,201,180.146229
-10.22,23,180.161481
-12.0,201,180.551395
6.22,381,181.194918
-2.34,236,181.607033
-12.0,201,181.870339
-10.14,15,181.88058
-12.0,201,182.27665
-10.13,14,182.285944
-10.59,60,182.455089
-10.28,29,182.474745
-12.0,201,183.16148
-2.46,248,183.585613
-12.0,201,183.979501
-12.0,201,184.241143
-10.2,21,184.385
-12.0,201,184.648693
-10.19,20,184.66181
-12.0,201,185.06231
-2.13,215,185.467152
-10.88,89,185.525501
-10.42,43,185.684118
-12.0,201,185.947437
-12.0,201,186.338804
-11.05,106,186.538023
-1.77,179,186.785774
-12.0,201,187.179191
5.72,431,187.852483
-10.1,11,187.859749
-12.0,201,188.25258
-10.35,36,188.277997
-10.39,40,188.304073
-11.27,128,188.937996
-12.0,201,189.328357
-12.0,201,189.590298
-3.32,334,190.205151
-10.25,26,190.222553
-11.11,112,190.426247
-12.0,201,190.816367
-1.44,146,191.043343
-10.06,7,191.047716
-12.0,201,191.311623
7.78,225,191.72147
-12.0,201,192.116098
-12.0,201,192.385824
-0.17,19,192.398408
5.66,437,193.205825
-12.0,201,193.466211
-12.0,201,193.859446
-12.0,201,194.545184
-12.0,201,194.939209
-1.99,201,195.334648
-12.0,201,195.597662
7.58,245,196.018361
-2.05,207,196.41476
-3.95,397,197.071151
-12.0,201,197.335401
-12.0,201,197.728757
-2.19,221,198.136894
-12.0,201,198.399707
-0.8,82,198.582094
-10.8,81,198.763604
-11.19,120,198.84287
-10.39,40,199.000927
-10.33,34,199.023496
19.51,53,199.058258
-1.37,139,199.411175
-11.77,178,199.659861
-12.0,201,200.347987
-0.58,60,200.518479
-12.0,201,200.91126
-10.38,39,200.936787
-10.19,20,200.950234
-10.7,71,201.126011
-2.01,203,201.387997
7.56,247,201.811552
-0.8,82,201.994819
-0.16,18,202.006986
-12.0,201,202.268956
-0.22,24,202.417059
-12.0,201,202.678888
-12.0,201,203.071902
-12.0,201,203.335936
-3.38,340,203.950316
-3.06,308,204.414173
-12.0,201,204.807207
-2.0,202,205.199357
-2.35,237,205.905762
-12.0,201,206.29862
-2.73,275,206.741138
-12.0,201,207.136914
-11.1,111,207.33936
-2.01,203,207.604019
-12.0,201,207.996697
-12.0,201,208.260212
-2.54,256,208.691532
-10.68,69,208.867059
-10.87,88,208.92492
-3.8,382,209.570529
-12.0,201,209.963842
9.86,17,209.975325
-12.0,201,210.372112
-12.0,201,210.633671
-12.0,201,211.442246
-1.39,141,211.665063
7.68,235,212.082705
-1.96,198,212.341623
-12.0,201,212.73596
-11.8,181,212.987192
-1.52,154,213.34801
-12.0,201,213.612537
-12.0,201,214.008539
-10.89,90,214.068949
-12.0,201,214.465536
-10.25,26,214.482788
-2.4,242,214.902488
-12.0,201,215.294045
-12.0,201,215.558908
-10.46,47,215.719419
7.93,210,215.987335
-2.11,213,216.389396
7.18,285,217.257421
-3.36,338,217.877828
-11.52,153,218.108656
19.62,42,218.137537
-10.37,38,218.292913
-12.0,201,218.562492
-12.0,201,218.954398
-2.13,215,219.226939
-0.65,67,219.40024
-2.91,293,219.856601
-12.0,201,220.249317
-12.0,201,220.514022
-12.0,201,220.907424
-1.81,183,221.160104
-12.0,201,221.557115
-10.62,63,221.599138
-10.1,11,221.60621
7.23,280,222.179773
-3.38,340,223.084278
-12.0,201,223.47574
-10.03,4,223.478298
-10.42,43,223.506373
-10.2,21,223.519748
-10.4,41,223.676836
-0.15,17,223.688239
-2.46,248,224.111997
7.37,266,224.546134
-10.1,11,224.553499
-1.06,108,224.755698
-10.37,38,224.77999
-12.0,201,225.174971
-12.0,201,225.435149
-12.0,201,225.827337
-11.01,102,226.025058
-10.26,27,226.043361
-2.91,293,226.50249
-2.13,215,226.904001
-11.08,109,227.105231
-11.55,156,227.338048
-10.2,21,227.351929
-0.52,54,227.38703
-12.0,201,227.780073
-2.24,226,228.6143
-12.0,201,228.881929
17.78,226,229.292607
-12.0,201,229.69285
-12.0,201,229.95384
-12.0,201,230.34516
-10.86,87,230.532386
-12.0,201,230.797494
-10.54,55,230.962238
-11.34,135,231.181523
-12.0,201,231.445538
-2.41,243,231.864306
17.02,302,232.325294
-2.15,217,232.731333
-1.41,143,232.957005
-0.42,44,233.11685
-12.0,201,233.380231
-10.41,42,233.408085
-10.47,48,233.569
-2.03,205,234.254583
-2.1,212,234.655146
-10.96,97,234.851151
-2.3,232,235.263377
-12.0,201,235.525242
-10.8,81,235.707424
-12.0,201,235.970175
-12.0,201,236.367099
-2.41,243,236.790266
-12.0,201,237.052516
-12.0,201,237.445423
-11.91,192,237.830791
-12.0,201,238.092529
-3.76,378,238.732721
-12.0,201,239.127515
-10.88,89,239.186374
-2.5,252,240.044552
-12.0,201,240.436767
-11.07,108,240.640363
-12.0,201,240.902382
-12.0,201,241.29631
-12.0,201,241.556926
-10.05,6,241.560947
-1.1,112,241.764091
-3.18,320,242.363628
-12.0,201,242.624837
-12.0,201,243.015544
-2.56,258,243.44504
-2.07,209,243.84904
-12.0,201,244.111989
-12.0,201,244.506236
-12.0,201,244.767931
-12.0,201,245.594717
-10.33,34,245.617181
-12.0,201,246.009079
-12.0,201,246.270896
-12.0,201,246.665707
-12.0,201,246.930898
-10.01,2,246.932178
-10.26,27,247.080527
-3.1,312,247.545547
-10.71,72,247.72296
-11.2,121,247.933033
-12.0,201,248.19451
-12.0,201,248.587542
-0.71,73,248.635862
-12.0,201,249.031355
18.68,136,249.249231
-2.23,225,249.657679
6.76,327,250.136488
-12.0,201,250.529706
-12.0,201,251.214739
-12.0,201,251.606572
-11.42,143,251.829644
-11.2,121,252.042603
-12.0,201,252.433085
-2.67,269,252.871558
-2.59,261,253.306067
-2.24,226,253.710986
7.59,244,254.003006
-10.17,18,254.144063
29.03,102,254.214633
-12.0,201,254.607647
-12.0,201,255.002586
-2.25,227,255.281247
-12.0,201,255.673225
-10.16,17,255.684792
-12.0,201,256.079137
7.84,219,256.775504
-10.45,46,256.936862
-0.46,48,256.968579
-10.32,33,256.990013
-0.7,72,257.168766
-12.0,201,257.429103
-3.79,381,258.06901
-3.7,372,258.706216
-12.0,201,259.101711
6.74,329,259.580245
-12.0,201,259.972325
-2.24,226,260.384981
-12.0,201,260.646539
-2.48,250,261.070286
-12.0,201,261.463403
-12.0,201,261.734795
-12.0,201,262.558191
-10.54,55,262.595418
-12.0,201,262.985805
-10.02,3,262.987735
-0.84,86,263.175557
-2.05,207,263.441106
-10.85,86,263.629782
-2.06,208,264.029837
-12.0,201,264.293043
-0.35,37,264.317408
-12.0,201,264.714406
-2.03,205,265.109694
-12.0,201,265.376914
-2.06,208,265.774602
-2.29,231,266.189252
-10.73,74,266.239043
-1.29,131,266.455062
-12.0,201,266.846567
-12.0,201,267.110161
-12.0,201,267.504581
-12.0,201,268.316877
-12.0,201,268.58651
19.53,51,268.749562
-2.34,236,269.038797
-3.69,371,269.676256
-12.0,201,270.067643
6.27,376,270.703613
-11.01,102,270.899882
-12.0,201,271.163795
-3.9,392,271.816118
-2.15,217,272.222586
-2.75,277,272.665624
-1.99,201,273.058166
-2.09,211,273.330963
-12.0,201,274.142694
-12.0,201,274.4064
-12.0,201,274.798761
-2.04,206,275.193744
-12.0,201,275.457098
-12.0,201,275.847414
-1.08,110,276.049522
-12.0,201,276.313885
7.19,284,276.759756
-12.0,201,277.152605
-12.0,201,277.547244
-12.0,201,277.808802
-12.0,201,278.200452
-10.31,32,278.221564
-12.0,201,278.484859
-12.0,201,278.876384
-2.88,290,279.748379
-10.95,96,279.943488
-12.0,201,280.336781
-10.61,62,280.377503
-10.16,17,280.388553
6.74,329,280.993452
-12.0,201,281.255122
-12.0,201,281.64691
-12.0,201,282.039256
-2.05,207,282.304017
-2.5,252,282.730293
-2.09,211,283.129734
-10.42,43,283.157469
-1.08,110,283.359625
-12.0,201,283.757553
-12.0,201,284.020483
-12.0,201,284.413357
-12.0,201,285.131673
-10.19,20,285.145348
-1.99,201,285.544251
-2.51,253,285.971842
7.39,264,286.405738
-2.31,233,286.822681
-12.0,201,287.0869
-2.26,228,287.499799
-2.07,209,287.898785
-12.0,201,288.161309
-12.0,201,288.555197
-12.0,201,288.946649
-1.52,154,289.178134
-2.39,241,289.597476
-2.09,211,289.865036
-12.0,201,290.259298
-12.0,201,290.959839
-12.0,201,291.354326
-12.0,201,291.74906
-2.84,286,292.199463
-12.0,201,292.46201
-2.17,219,292.868353
-2.79,281,293.314536
-12.0,201,293.708621
-12.0,201,293.971313
-2.72,274,294.547621
-12.0,201,294.812172
-12.0,201,295.203213
-2.17,219,295.478549
-12.0,201,295.8711
-2.03,205,296.684288
7.12,291,297.139469
-12.0,201,297.400849
6.38,365,298.034664
-12.0,201,298.426769
-12.0,201,298.690539
-12.0,201,299.083261
-0.76,78,299.263563
-12.0,201,299.527504
-12.0,201,299.921288
-10.01,2,299.922609
-10.63,64,299.964953
-11.69,170,300.334469
7.61,242,300.625433
-12.0,201,301.019236
-1.28,130,301.232423
-2.53,255,301.660249
-10.34,35,301.682822
-2.67,269,302.477636
-12.0,201,302.87185
-3.92,394,303.526025
-1.55,157,303.760049
-11.5,151,303.989352
-2.66,268,304.555591
-12.0,201,304.822927
-0.61,63,304.9939
-3.02,304,305.455752
-2.0,202,305.849215
-2.34,236,306.13596
-10.13,14,306.273929
-12.0,201,306.534268
-12.0,201,306.926347
-12.0,201,307.190168
-10.7,71,307.367667
-10.58,59,307.839013
-10.02,3,307.840997
6.99,304,308.434108
-2.98,300,308.89437
6.1,393,309.543911
-12.0,201,309.939576
-10.52,53,309.974308
-12.0,201,310.365855
-2.03,205,310.63037
7.36,267,311.065901
-11.81,182,311.44624
-0.89,91,311.506248
-1.09,111,311.709681
-12.0,201,312.103994
-12.0,201,312.364183
-10.24,25,312.512075
-2.7,272,312.959018
-2.97,299,313.854811
-1.43,145,314.082371
-12.0,201,314.473358
-2.05,207,314.738125
-1.06,108,314.939678
-10.53,54,315.105136
-0.51,53,315.140384
-1.11,113,315.345275
-10.84,85,315.530766
-1.39,141,315.75451
-12.0,201,316.01977
-0.74,76,316.199488
-10.65,66,316.244107
-10.02,3,316.246189
-10.06,7,316.250833
-1.75,177,316.629989
-2.45,247,317.056002
-2.27,229,317.464972
-10.06,7,317.469621
-12.0,201,317.731246
-12.0,201,318.126081
-12.0,201,318.388343
-1.11,113,318.592974
-12.0,201,319.406228
-12.0,201,319.667062
-12.0,201,320.059589
-3.22,324,320.529426
-2.35,237,320.949241
-12.0,201,321.344299
-12.0,201,321.610292
-12.0,201,322.00112
-2.06,208,322.39967
-2.43,245,322.820758
-12.0,201,323.082835
-2.22,224,323.491523
-2.06,208,323.890924
-3.52,354,324.803339
-12.0,201,325.202754
-3.44,346,325.833929
-12.0,201,326.099675
-12.0,201,326.500689
-12.0,201,326.764789
7.32,271,327.207309
-11.32,133,327.426624
-2.17,219,327.838384
-2.29,231,328.255073
-3.08,310,328.727912
-12.0,201,329.123209
-12.0,201,329.521269
-11.38,139,329.745156
-12.0,201,330.010717
-12.0,201,330.842829
-12.0,201,331.109062
-12.0,201,331.511696
-12.0,201,331.776676
-3.2,322,332.386977
-12.0,201,332.780756
-12.0,201,333.048313
-11.27,128,333.265726
-12.0,201,333.662903
-10.5,51,333.69841
19.7,34,333.722401
-12.0,201,334.122008
-12.0,201,334.385573
-0.21,23,334.531371
-12.0,201,334.79197
-12.0,201,335.184849
-1.03,105,335.384198
-2.62,264,335.81655
18.3,174,336.481311
-12.0,201,336.872581
-2.0,202,337.135907
-12.0,201,337.528248
-12.0,201,337.793405
-2.03,205,338.188607
-12.0,201,338.579932
-12.0,201,338.841494
-12.0,201,339.232908
-12.0,201,339.495546
-12.0,201,339.891229
-10.22,23,339.90657
-2.93,295,340.360173
-12.0,201,340.755642
-3.36,338,341.236514
-10.89,90,341.425088
-12.0,201,342.245653
-12.0,201,342.510152
-12.0,201,342.905473
-12.0,201,343.167825
-2.15,217,343.572398
-10.51,52,343.7413
-12.0,201,344.002911
-12.0,201,344.395381
-10.09,10,344.40218
-12.0,201,344.664418
-12.0,201,345.056485
-2.97,299,345.514273
-10.38,39,345.670618
-12.0,201,345.935271
7.38,265,346.368345
-12.0,201,346.761227
-10.16,17,346.772567
-2.17,219,347.176353
-12.0,201,347.864557
7.58,245,348.285333
-10.13,14,348.294427
-12.0,201,348.691464
6.84,319,349.160774
-2.26,228,349.57267
-10.98,99,349.766956
-2.13,215,350.166312
-11.99,200,350.425797
-10.03,4,350.428645
-10.65,66,350.601929
-2.0,202,350.866801
-10.29,30,350.886991
9.14,89,351.074223
-2.28,230,351.484697
-10.25,26,351.50196
-2.12,214,351.90656
-2.09,211,352.174079
-12.0,201,352.56767
-0.52,54,352.604216
-12.0,201,353.418862
6.14,389,354.067913
-12.0,201,354.45857
-12.0,201,354.723388
-12.0,201,355.115415
-12.0,201,355.376395
-10.58,59,355.543628
-12.0,201,355.803751
-10.25,26,355.952023
-2.27,229,356.233416
-12.0,201,356.625649
-0.91,93,356.817477
-0.48,50,356.850402
-12.0,201,357.241762
-12.0,201,357.508841
-2.21,223,357.921282
-11.01,102,358.11835
-10.53,54,358.154182
-3.08,310,359.174553
-2.04,206,359.437868
-0.5,52,359.602149
-10.19,20,359.615865
-3.1,312,360.085533
-11.23,124,360.295963
-1.54,156,360.526768
-0.24,26,360.675446
-11.5,151,360.905012
-3.26,328,361.379725
-3.94,396,362.034437
-12.0,201,362.424784
-2.31,233,362.843103
-10.12,13,362.851534
-10.54,55,362.888133
-10.17,18,362.899897
-12.0,201,363.292359
-0.58,60,363.462433
-0.67,69,363.507804
-10.03,4,363.510312
-10.43,44,363.539032
-10.45,46,363.699469
-11.38,139,363.92062
-2.11,213,364.599523
-10.15,16,364.609891
-10.38,39,364.636034
-12.0,201,365.029423
-10.16,17,365.040713
-12.0,201,365.301325
6.51,352,365.924665
8.19,184,366.17547
7.02,301,366.769359
18.85,119,366.980809
-12.0,201,367.242712
-2.98,300,367.828547
-12.0,201,368.091055
18.75,129,368.305401
-1.44,146,368.531628
-3.56,358,369.157271
-11.31,132,369.372566
-10.25,26,369.38943
-12.0,201,370.217382
-11.25,126,370.430464
-12.0,201,370.6893
-2.35,237,371.104398
-12.0,201,371.494574
-10.47,48,371.526193
-10.09,10,371.533027
-2.13,215,371.936209
-10.02,3,371.938321
-2.03,205,372.333823
-3.42,344,372.822188
-12.0,201,373.215396
18.58,146,373.439559
-10.02,3,373.441475
-12.0,201,373.835307
-2.13,215,374.108318
-2.72,274,374.547762
-12.0,201,374.938156
-12.0,201,375.328926
-12.0,201,376.015809
-3.35,337,376.628162
-10.91,92,376.818892
-12.0,201,377.084561
-12.0,201,377.473172
-10.4,41,377.499206
-2.21,223,377.904544
-10.29,30,377.926787
6.43,360,378.558697
-12.0,201,378.821193
-3.21,323,379.425665
-12.0,201,379.689352
-12.0,201,380.084366
-3.04,306,380.544842
-12.0,201,380.936422
19.21,83,381.554066
-2.06,208,381.824363
-10.82,83,382.011449
-10.53,54,382.047572
-2.92,294,382.629698
6.24,379,383.269593
-12.0,201,383.531436
-11.43,144,383.755953
-1.4,142,383.98178
-0.27,29,384.13328
-12.0,201,384.396283
-2.55,257,384.826881
7.07,296,385.412354
-1.3,132,385.628986
-11.19,120,385.708401
-12.0,201,386.102662
-12.0,201,386.496689
-2.92,294,387.376126
-10.8,81,387.557691
-10.05,6,387.561455
-12.0,201,387.826267
-2.55,257,388.257194
-12.0,201,388.650965
-3.37,339,389.136296
-12.0,201,389.529996
-10.14,15,389.539885
-12.0,201,389.930067
-12.0,201,390.198669
-12.0,201,390.590399
-12.0,201,390.851999
-12.0,201,391.244752
-3.94,396,391.893994
-12.0,201,392.290119
-11.6,161,392.950541
-12.0,201,393.21401
-10.36,37,393.370267
-3.89,391,394.017595
-12.0,201,394.282375
-12.0,201,394.670791
-2.72,274,395.109746
8.54,149,395.339189
-10.52,53,395.503921
-10.48,49,395.536187
-12.0,201,395.937085
-2.87,289,396.390576
6.43,360,397.01933
-12.0,201,397.284508
-2.21,223,397.687857
-12.0,201,398.515369
-2.18,220,398.789778
-12.0,201,399.182345
-2.17,219,399.587687
-12.0,201,399.85289
-10.55,56,400.02021
-10.14,15,400.030799
6.19,384,400.678685
-12.0,201,400.941332
-1.63,165,401.313555
-2.08,210,401.584663
-12.0,201,401.980225
-12.0,201,402.242596
-2.67,269,402.681063
-10.86,87,402.871086
-12.0,201,403.262696
-10.24,25,403.279114
-10.17,18,403.291186
-2.07,209,403.690896
-12.0,201,404.381466
8.73,130,404.59709
-2.04,206,404.991358
-10.08,9,404.99727
-2.89,291,405.447404
7.59,244,405.867091
-10.34,35,405.890888
-10.18,19,405.903199
6.93,310,406.496584
-3.29,331,407.105997
-11.11,112,407.179926
-12.0,201,407.574293
-11.84,185,407.826458
-12.0,201,408.217408
-2.3,232,408.633054
-12.0,201,408.896709
-2.31,233,409.307659
6.29,374,410.364257
-12.0,201,410.760748
-12.0,201,411.021095
-10.44,45,411.181319
-2.03,205,411.446193
-10.07,8,411.451568
-2.82,284,411.902379
-0.41,43,412.061353
-10.15,16,412.071925
17.08,296,412.528737
-10.69,70,412.70674
-12.0,201,412.968955
-12.0,201,413.360794
-2.1,212,413.759257
-12.0,201,414.021539
-2.81,283,414.468729
6.95,308,415.497416
-11.17,118,415.706376
-10.93,94,415.76723
7.95,208,416.159109
-12.0,201,416.549535
-2.16,218,416.825194
-12.0,201,417.216274
-11.1,111,417.418834
16.23,381,418.059385
-12.0,201,418.321048
-2.03,205,418.716321
-2.04,206,419.107397
-12.0,201,419.36942
-2.04,206,419.768355
-10.02,3,419.77044
-12.0,201,420.031984
-12.0,201,420.42422
-12.0,201,421.121589
-12.0,201,421.512346
-12.0,201,421.905908
-12.0,201,422.169156
19.77,27,422.187728
-12.0,201,422.576669
-3.55,357,423.212547
17.24,280,423.658976
-1.1,112,423.863306
-11.0,101,424.06313
-10.1,11,424.070538
-10.25,26,424.087296
-10.7,71,424.133594
5.85,418,424.928727
-12.0,201,425.19021
-2.18,220,425.595406
-12.0,201,425.991282
-10.52,53,426.025625
-12.0,201,426.417306
-3.3,332,427.315713
-12.0,201,427.721783
6.07,396,428.371534
-2.57,259,428.80677
-2.02,204,429.070843
-12.0,201,429.459008
-12.0,201,429.851719
-12.0,201,430.113817
-10.45,46,430.144587
-10.02,3,430.146688
-3.42,344,430.763583
-2.0,202,431.156981
-12.0,201,431.417406
-3.72,374,432.471859
7.4,263,432.90641
-10.65,66,433.08699
-2.07,209,433.354784
-10.01,2,433.356375
-12.0,201,433.74949
-3.0,302,434.209516
-12.0,201,434.602199
-10.32,33,434.624864
-12.0,201,435.027108
-2.1,212,435.295104
-0.75,77,435.476032
-2.25,227,435.884142
18.1,194,436.143769
-2.99,301,436.732685
19.42,62,436.773191
-10.31,32,436.794408
-11.01,102,436.992866
-10.29,30,437.012545
-12.0,201,437.405162
-12.0,201,438.244213
-2.08,210,438.515594
-10.5,51,438.67692
-12.0,201,438.940211
-3.93,395,439.59328
-10.11,12,439.601344
-11.44,145,439.960178
-12.0,201,440.221842
-12.0,201,440.615612
-12.0,201,440.8792
-12.0,201,441.271442
-0.46,48,441.302865
-10.23,24,441.318823
-12.0,201,441.710815
-12.0,201,442.107012
-12.0,201,442.368715
-3.0,302,442.831786
-12.0,201,443.225815
-2.82,284,444.089487
-2.2,222,444.495586
-3.02,304,444.957461
-2.62,264,445.39321
-12.0,201,445.786901
-2.12,214,446.188508
-12.0,201,446.451775
-2.07,209,446.850075
-12.0,201,447.11205
7.83,220,447.515843
-12.0,201,447.909301
-10.82,83,447.964423
-12.0,201,448.359798
-12.0,201,448.623352
-12.0,201,449.018493
-12.0,201,449.826788
-2.0,202,450.091462
-2.97,299,450.677336
-2.0,202,450.941483
-10.69,70,451.120705
-2.5,252,451.546772
-12.0,201,451.808237
-12.0,201,452.200169
-1.13,115,452.405967
16.79,325,452.87647
-12.0,201,453.268282
-12.0,201,453.530637
-2.32,234,453.944809
-11.22,123,454.156968
-12.0,201,454.550423
-10.35,36,454.574189
-12.0,201,455.383921
-2.51,253,455.816712
-10.12,13,455.825284
7.69,234,456.107588
-2.01,203,456.503516
-10.07,8,456.508941
-10.45,46,456.538607
-12.0,201,456.936499
-12.0,201,457.331215
-0.55,57,457.368454
-2.83,285,457.816328
-0.98,100,458.012772
-12.0,201,458.405507
-12.0,201,458.667402
-1.02,104,458.865523
-2.14,216,459.269362
-11.47,148,459.497862
-2.48,250,459.934726
-10.51,52,459.968662
-10.54,55,460.135122
-11.91,192,460.809656
-11.77,178,461.1888
-2.63,265,461.621561
6.13,390,462.270393
8.0,203,462.535523
-12.0,201,462.928948
6.23,380,463.572726
-12.0,201,463.834087
-2.06,208,464.229346
-11.16,117,464.435194
-12.0,201,464.695299
-10.43,44,464.855365
-12.0,201,465.116461
-12.0,201,465.510569
-10.26,27,465.528467
-10.1,11,465.535712
-12.0,201,465.928424
-10.34,35,465.951233
-11.76,177,466.629765
-12.0,201,467.024186
-2.27,229,467.437771
-10.06,7,467.442522
-12.0,201,467.704805
-0.28,30,467.85504
-2.18,220,468.130483
-10.77,78,468.312157
-12.0,201,468.705385
7.42,261,469.135538
-12.0,201,469.399633
-1.77,179,469.77574
18.63,141,469.998456
-10.12,13,470.007046
-12.0,201,470.268784
-12.0,201,470.664892
-10.2,21,470.679044
-12.0,201,471.072357
-12.0,201,471.334934
-12.0,201,471.728337
-10.64,65,472.184388
-2.47,249,472.610835
16.28,376,473.244357
-12.0,201,473.639016
-11.54,155,473.871213
-11.19,120,474.079057
7.18,285,474.527834
-1.4,142,474.752141
-0.3,32,474.903385
-10.53,54,474.938679
7.2,283,475.38398
-10.19,20,475.397029
-10.34,35,475.552146
-12.0,201,475.813656
-3.54,356,476.43572
-12.0,201,476.8301
-10.32,33,476.851795
-12.0,201,477.113359
-12.0,201,477.931456
-2.05,207,478.327338
-12.0,201,478.592718
-10.06,7,478.597117
-12.0,201,478.991277
-3.36,338,479.474026
-12.0,201,479.86979
-0.75,77,480.05182
-12.0,201,480.313749
-10.14,15,480.323778
-0.41,43,480.481059
-10.57,58,480.521178
-12.0,201,480.915725
-12.0,201,481.177808
-1.84,186,481.56399
9.31,72,481.611356
-0.74,76,481.790614
-12.0,201,482.053993
-1.29,131,482.270495
-10.91,92,482.459679
9.66,37,482.484234
-10.66,67,482.660694
7.49,254,483.509732
8.85,118,483.718841
-3.67,369,484.350468
-11.18,119,484.559988
7.42,261,484.994163
-12.0,201,485.256572
-3.15,317,485.856695
-2.74,276,486.297266
-12.0,201,486.558664
-2.05,207,486.958879
-11.42,143,487.184326
-12.0,201,487.584792
-1.34,136,487.805248
-12.0,201,488.065185
-12.0,201,488.456685
7.47,256,489.348992
-10.04,5,489.352424
-10.26,27,489.370749
-12.0,201,489.76534
-10.56,57,489.803024
-11.03,104,490.007749
-10.59,60,490.047796
-0.45,47,490.210679
-2.13,215,490.61202
-10.18,19,490.624372
-12.0,201,490.889267
-10.11,12,490.89711
-1.84,186,491.277411
-10.09,10,491.284072
-10.36,37,491.308051
-12.0,201,491.708411
-2.03,205,491.973228
-11.76,177,492.35036
-11.22,123,492.561674
-12.0,201,492.824484
-1.08,110,493.026263
-12.0,201,493.419424
-12.0,201,493.682398
-10.91,92,493.874558
-12.0,201,494.266839
-0.48,50,494.3004
-2.13,215,495.119822
-12.0,201,495.380425
-12.0,201,495.776497
-2.01,203,496.04249
-10.27,28,496.189691
-0.72,74,496.238385
-0.94,96,496.431709
-12.0,201,496.694525
-2.19,221,497.103875
-12.0,201,497.494924
6.32,371,498.129477
-2.18,220,498.403886
-12.0,201,498.797525
7.6,243,499.214064
-10.84,85,499.269946
-12.0,201,499.662737
-12.0,201,500.059677
-12.0,201,500.768029
-12.0,201,501.162581
-2.15,217,501.433713
-12.0,201,501.824498
-3.06,308,502.29104
-2.27,229,502.703884
-3.37,339,503.31892
-12.0,201,503.579165
-10.08,9,503.71534
-12.0,201,503.98094
-2.18,220,504.382957
-0.98,100,504.57792
-12.0,201,504.839411
-2.5,252,505.268517
-12.0,201,505.661258
-12.0,201,506.346827
-12.0,201,506.736402
6.86,317,507.205441
-12.0,201,507.595025
-12.0,201,507.857391
-12.0,201,508.252407
-2.4,242,508.669097
-11.37,138,508.891437
-10.02,3,508.893971
6.94,309,509.359473
-12.0,201,509.749758
-2.92,294,510.206133
-1.91,193,510.594339
-12.0,201,510.855984
-10.35,36,511.011286
-2.62,264,511.442656
-2.04,206,512.149354
-10.85,86,512.335694
-3.13,315,512.802814
-12.0,201,513.196694
-11.61,162,513.433586
17.28,276,513.872278
-2.16,218,514.278658
-11.95,196,514.666983
-12.0,201,514.931263
-12.0,201,515.324534
-12.0,201,515.585379
-10.27,28,515.732844
7.08,295,516.191064
-11.36,137,516.413766
-10.05,6,516.418018
-12.0,201,516.811799
-2.47,249,517.655939
-3.55,357,518.155826
-12.0,201,518.548195
-2.94,296,519.031013
-12.0,201,519.426585
-12.0,201,519.688814
-0.24,26,519.836371
-2.29,231,520.126757
-12.0,201,520.526778
18.94,110,520.730149
7.0,303,521.199632
-12.0,201,521.599569
-12.0,201,521.865846
-2.78,280,522.31689
-12.0,201,522.713501
-2.56,258,523.576471
-10.25,26,523.593946
7.47,256,524.026222
7.89,214,524.431623
-12.0,201,524.829619
-12.0,201,525.094468
-12.0,201,525.491011
-10.44,45,525.521144
-12.0,201,525.916779
-12.0,201,526.180168
-2.03,205,526.582445
-12.0,201,526.849094
-11.09,110,527.056215
-12.0,201,527.452658
-2.36,238,527.872677
-12.0,201,528.137756
7.26,277,529.008781
-12.0,201,529.405385
6.62,341,530.03031
-10.38,39,530.056036
-12.0,201,530.320221
-12.0,201,530.711092
7.3,273,531.152371
-10.06,7,531.156745
-10.08,9,531.162827
-2.15,217,531.566098
-12.0,201,531.957098
-2.5,252,532.385867
-12.0,201,532.648881
-12.0,201,533.043786
-12.0,201,533.307
-0.48,50,533.472028
-12.0,201,533.736822
-11.02,103,533.936864
-10.11,12,533.944791
-12.0,201,534.777485
-12.0,201,535.046158
-12.0,201,535.442589
-12.0,201,535.711766
-10.21,22,535.857706
-10.2,21,535.871883
-10.57,58,535.910565
-1.26,128,536.12651
-12.0,201,536.520854
-12.0,201,536.784041
-1.67,169,537.163168
18.36,168,537.404292
-12.0,201,537.797631
-10.04,5,537.800815
-1.34,136,538.022225
-10.14,15,538.032352
-10.21,22,538.046916
-12.0,201,538.309775
-11.1,111,538.513375
-12.0,201,538.90746
-11.28,129,539.123928
-12.0,201,539.386724
-12.0,201,539.781582
-12.0,201,540.602801
7.93,210,540.871127
-10.08,9,540.877309
-2.13,215,541.28318
-12.0,201,541.679763
-12.0,201,541.945185
-12.0,201,542.342478
-0.14,16,542.353395
-10.76,77,542.40362
-1.9,192,542.787763
-0.92,94,542.981067
-10.08,9,542.986908
-0.89,91,543.045893
-0.17,19,543.18833
-12.0,201,543.450418
-2.81,283,543.896738
-11.55,156,544.259637
18.31,173,544.502927
-10.07,8,544.507933
-0.58,60,544.676834
-12.0,201,544.941991
8.45,158,545.175736
-11.18,119,545.383543
-1.05,107,545.585212
-0.66,68,546.195536
-10.28,29,546.214255
-12.0,201,546.476716
-2.06,208,546.878502
-12.0,201,547.269069
8.91,112,547.342718
-11.35,136,547.688964
-10.44,45,547.719086
-10.68,69,547.764143
-10.97,98,547.960231
-12.0,201,548.349376
-10.76,77,548.399803
-0.7,72,548.577223
-3.64,366,549.209805
-12.0,201,549.473361
-10.31,32,549.625144
-0.29,31,549.645734
-10.02,3,549.647669
-10.02,3,549.649573
-10.06,7,549.654388
-10.2,21,549.668067
-12.0,201,550.059695
7.16,287,550.506996
-12.0,201,550.770927
-12.0,201,551.165883
-10.18,19,551.178774
-12.0,201,551.988709
-11.46,147,552.213312
-10.54,55,552.24968
-12.0,201,552.644482
-11.26,127,552.858147
7.7,233,553.275914
-2.46,248,553.700299
-2.16,218,553.981086
-12.0,201,554.372111
6.94,309,554.836094
-12.0,201,555.227619
-12.0,201,555.61533
-12.0,201,555.876791
-12.0,201,556.27221
-2.68,270,556.713429
-11.36,137,556.935021
-10.96,97,557.479683
-10.01,2,557.481007
-10.31,32,557.502935
-1.72,174,557.747349
-0.31,33,557.768907
-12.0,201,558.160881
7.17,286,558.616458
9.68,35,558.774823
-10.27,28,558.793343
-11.14,115,559.006061
-10.08,9,559.012732
-12.0,201,559.282301
-11.81,182,559.672126
-0.44,46,559.703323
-10.27,28,559.721987
-12.0,201,560.120206
-11.34,135,560.349956
-12.0,201,560.776982
-10.08,9,560.783417
-2.76,278,561.2349
-12.0,201,561.49583
-2.04,206,561.902726
-10.09,10,561.909683
-10.1,11,561.917271
-10.46,47,561.949213
-10.37,38,562.107131
-12.0,201,562.371938
-12.0,201,563.192267
-2.03,205,563.456964
-10.33,34,563.608616
-12.0,201,563.872087
-12.0,201,564.262527
-10.48,49,564.295244
-12.0,201,564.685292
-10.82,83,564.871326
-2.0,202,565.134435
-2.3,232,565.545612
-3.49,351,566.166231
-1.01,103,566.233703
-10.58,59,566.402865
-11.1,111,566.604579
-1.05,107,566.804975
-12.0,201,567.070708
-10.22,23,567.086221
-12.0,201,567.4779
-10.17,18,567.489643
-10.06,7,567.494282
-12.0,201,567.887748
-10.13,14,567.897263
-10.47,48,567.929
-10.22,23,567.943776
-12.0,201,568.771314
-2.53,255,569.201773
-0.58,60,569.240974
-10.35,36,569.395428
-2.27,229,569.674127
-12.0,201,570.069639
-12.0,201,570.461337
-0.39,41,570.488353
-2.48,250,570.913298
-10.18,19,570.9263
-12.0,201,571.318191
-0.06,8,571.323662
-2.26,228,571.6028
-12.0,201,571.995507
-12.0,201,572.38447
-12.0,201,572.645534
18.77,127,572.855548
-12.0,201,573.250783
-2.24,226,573.529515
-12.0,201,573.919998
-12.0,201,574.729849
-10.03,4,574.732368
-10.34,35,574.75552
-2.17,219,575.162963
-12.0,201,575.425744
-12.0,201,575.817043
-12.0,201,576.080214
-2.62,264,576.513242
-12.0,201,576.908488
-12.0,201,577.301349
7.73,230,577.580593
-0.8,82,577.764899
-12.0,201,578.159859
-12.0,201,578.422432
-11.91,192,578.805784
-12.0,201,579.068442
-12.0,201,579.460185
-12.0,201,580.062135
-12.0,201,580.451671
-2.16,218,580.853667
-12.0,201,581.115201
7.55,248,581.538142
-11.28,129,581.753233
-12.0,201,582.14676
-2.2,222,582.421659
-2.17,219,582.823954
-12.0,201,583.218508
-12.0,201,583.480767
-2.1,212,583.879545
-10.1,11,583.886809
-10.11,12,583.895045
-2.22,224,584.305382
-12.0,201,584.566602
-11.69,170,584.938554
-10.39,40,584.964882
-10.02,3,584.966798
-2.31,233,585.797846
-10.53,54,585.833202
-0.99,101,586.029946
-11.57,158,586.268633
-12.0,201,586.659309
6.82,321,587.128246
-2.01,203,587.523015
-12.0,201,587.915786
-2.45,247,588.337259
-12.0,201,588.598225
-10.06,7,588.603125
-1.85,187,588.982877
-10.25,26,589.000167
-10.18,19,589.012769
-12.0,201,589.405178
18.83,121,589.484506
-2.34,236,589.899472
-10.16,17,589.910558
-12.0,201,590.30398
-1.43,145,590.527392
-12.0,201,591.339504
-10.04,5,591.342702
-11.16,117,591.548394
-12.0,201,591.81444
-11.3,131,592.030418
-12.0,201,592.424635
-2.55,257,592.852541
-3.22,324,593.328461
-2.16,218,593.729545
-10.39,40,593.755324
-11.19,120,593.963928
-12.0,201,594.35697
-12.0,201,594.623445
5.8,423,595.424087
-12.0,201,595.684504
-2.09,211,596.085633
-12.0,201,596.477829
-12.0,201,597.166517
-10.8,81,597.350131
-2.66,268,597.784093
-12.0,201,598.046681
-12.0,201,598.439591
-12.0,201,598.827777
-12.0,201,599.089614
-2.23,225,599.497377
6.61,342,600.110422
-10.62,63,600.152137
-10.81,82,600.336296
-10.71,72,600.3839
-11.7,171,600.756977
19.0,104,600.824911
-10.94,95,601.016629
-12.0,201,601.409478
-10.02,3,601.411382
8.19,184,601.663051
-11.87,188,602.048475
-2.09,211,602.741992
-1.2,122,602.95381
-12.0,201,603.346531
-12.0,201,603.609957
-2.98,300,604.198458
-10.42,43,604.226201
-12.0,201,604.618891
-0.18,20,604.632209
-2.04,206,604.897187
-10.53,54,605.06019
-11.98,199,605.320574
-10.19,20,605.464808
-12.0,201,605.7269
-12.0,201,606.118584
-1.2,122,606.326761
-10.87,88,606.384701
-2.14,216,606.785437
-2.07,209,607.183795
7.47,256,607.612592
-2.32,234,608.314324
-0.74,76,608.493149
-2.39,241,608.915653
-2.9,292,609.365366
-2.06,208,609.761632
-10.13,14,609.770722
-12.0,201,610.163023
-10.77,78,610.214735
-10.4,41,610.241698
-10.02,3,610.373568
-0.96,98,610.438463
-10.03,4,610.441089
-2.28,230,610.851237
-10.38,39,610.877699
-12.0,201,611.268077
-10.09,10,611.274682
-10.48,49,611.308433
-10.06,7,611.313076
-10.1,11,611.451036
-12.0,201,611.715101
-10.11,12,611.723499
-3.64,366,612.353508
7.37,266,612.790289
-2.65,267,613.226309
-10.12,13,613.234812
-2.13,215,614.056787
-2.3,232,614.469252
-2.29,231,614.888124
-12.0,201,615.150831
19.21,83,615.335065
-12.0,201,615.59617
-0.44,46,615.755599
-2.17,219,616.157799
-10.15,16,616.168138
-0.41,43,616.196491
8.58,145,616.42136
-2.49,251,616.847474
-12.0,201,617.235481
-10.75,76,617.285019
-2.6,262,617.71806
-12.0,201,618.110718
19.54,50,618.143979
-2.08,210,618.543118
-10.95,96,618.736102
-12.0,201,619.000151
-12.0,201,619.814127
-2.6,262,620.249664
9.76,27,620.267644
-3.85,387,620.915946
6.78,325,621.520419
-3.8,382,622.163083
-2.04,206,622.427482
-12.0,201,622.823131
-2.12,214,623.094282
-12.0,201,623.485857
-12.0,201,623.87929
7.09,294,624.330587
-2.24,226,624.740949
6.96,307,625.622567
-12.0,201,626.013232
-12.0,201,626.274842
-12.0,201,626.667552
-3.78,380,627.309488
-12.0,201,627.57172
-3.37,339,628.186164
-12.0,201,628.575345
-10.85,86,628.632436
-2.0,202,629.026434
-11.75,176,629.273976
7.03,300,629.735405
-10.65,66,629.910782
-2.64,266,630.343058
-2.13,215,631.160357
18.21,183,631.410056
-12.0,201,631.800273
-12.0,201,632.064672
-2.1,212,632.464679
-2.25,227,632.874088
-3.84,386,633.51425
-12.0,201,633.77517
-12.0,201,634.170417
-2.01,203,634.432457
-12.0,201,634.827599
-12.0,201,635.225185
-2.44,246,635.648278
-11.84,185,635.901725
-12.0,201,636.713654
-12.0,201,636.97828
-1.1,112,637.181322
-10.99,100,637.376219
-12.0,201,637.639211
-12.0,201,638.032281
-12.0,201,638.423154
-12.0,201,638.686153
-2.29,231,639.09957
-12.0,201,639.360164
-12.0,201,639.751471
-1.99,201,640.145097
-10.34,35,640.168276
-1.66,168,640.407394
-10.1,11,640.41478
-12.0,201,640.805136
-11.19,120,641.014959
-10.97,98,641.209216
-10.66,67,641.253079
-0.02,4,641.255715
-12.0,201,641.648738
-12.0,201,642.328892
-12.0,201,642.719292
-2.74,276,643.164887
-12.0,201,643.555433
-12.0,201,643.8155
-1.71,173,644.060384
6.69,334,644.668366
-12.0,201,645.061047
-2.01,203,645.322429
8.01,202,645.715538
-12.0,201,645.975017
-2.34,236,646.3892
-11.63,164,646.62816
-11.35,136,646.978261
-12.0,201,647.242629
-3.9,392,648.308105
-2.65,267,648.743572
-3.97,399,649.397977
-12.0,201,649.788647
-12.0,201,650.183723
-10.37,38,650.20907
-3.28,330,650.690077
-10.95,96,650.883608
-12.0,201,651.274725
6.34,369,651.91482
-11.07,108,651.985759
-2.18,220,652.387139
-11.19,120,652.595554
-12.0,201,652.986489
-2.69,271,653.849263
-2.3,232,654.261906
-10.6,61,654.302267
-12.0,201,654.692707
-12.0,201,654.962698
-11.7,171,655.336147
-2.66,268,655.772476
-2.01,203,656.035953
-2.94,296,656.620772
-12.0,201,656.884617
-10.26,27,656.902746
-2.35,237,657.320176
-12.0,201,657.711472
-2.05,207,657.979163
-12.0,201,658.37522
-12.0,201,658.765761
-11.88,189,659.44008
-11.58,159,659.676564
-12.0,201,660.068665
19.48,56,660.105191
-12.0,201,660.496445
-10.14,15,660.506341
-2.19,221,660.910239
-2.41,243,661.331436
-12.0,201,661.593148
-10.19,20,661.606794
-10.86,87,661.794019
-10.22,23,661.809746
-0.85,87,661.996628
-10.03,4,661.999552
-0.66,68,662.044198
-12.0,201,662.437504
-12.0,201,662.830156
-12.0,201,663.092614
-10.65,66,663.264759
-12.0,201,663.52845
-2.03,205,663.920292
-12.0,201,664.180888
-12.0,201,664.99698
-12.0,201,665.261557
-10.22,23,665.409413
6.93,310,665.874251
-12.0,201,666.265652
-12.0,201,666.528275
-11.22,123,666.740297
-10.69,70,666.916549
-11.96,197,667.176539
-10.42,43,667.335786
-10.07,8,667.341244
-10.55,56,667.378069
-12.0,201,667.77121
-2.14,216,668.044345
-10.37,38,668.199795
-12.0,201,668.461478
-12.0,201,668.855071
-12.0,201,669.118188
-10.14,15,669.128091
-3.95,397,669.910267
-0.67,69,669.954902
-12.0,201,670.763392
-2.64,266,671.198003
-11.07,108,671.399114
-3.48,350,671.892053
18.93,111,672.093941
7.3,273,672.532233
-11.3,131,672.746732
-10.63,64,672.919397
-10.86,87,673.105003
-10.27,28,673.123446
6.43,360,673.753287
-12.0,201,674.015887
-12.0,201,674.407918
-12.0,201,674.669477
-11.31,132,674.894357
-11.03,104,675.092942
-10.63,64,675.264874
-12.0,201,675.525797
-12.0,201,676.338861
-12.0,201,676.599294
7.52,251,677.023982
-12.0,201,677.413063
-1.94,196,677.673662
-12.0,201,678.067602
-0.35,37,678.091596
-10.23,24,678.107628
-1.31,133,678.453011
-3.03,305,678.913426
-11.32,133,679.131634
-2.69,271,679.568986
-10.57,58,679.73699
-2.3,232,680.022301
-2.03,205,680.416687
-10.86,87,680.60271
-12.0,201,680.867087
-2.84,286,681.73827
-2.53,255,682.167195
-2.31,233,682.579985
-12.0,201,682.977776
6.4,363,683.607023
-10.07,8,683.612338
-10.35,36,683.635898
17.99,205,684.034689
-12.0,201,684.296526
-12.0,201,684.687913
7.69,234,685.10169
-12.0,201,685.362693
-11.91,192,685.749304
-2.24,226,686.030544
-12.0,201,686.424607
-3.77,379,687.480647
-12.0,201,687.74695
-12.0,201,688.137892
-12.0,201,688.526932
-12.0,201,688.789203
-12.0,201,689.181634
-12.0,201,689.442648
-12.0,201,689.838778
-12.0,201,690.101913
-12.0,201,690.491763
-2.14,216,690.893749
-12.0,201,691.156141
-12.0,201,691.550399
-12.0,201,691.811301
-2.01,203,692.203543
-2.72,274,693.063386
-12.0,201,693.454994
-2.76,278,693.900463
-2.16,218,694.305664
-12.0,201,694.567447
-10.1,11,694.574953
-11.34,135,694.794519
-12.0,201,695.195974
-12.0,201,695.457774
-12.0,201,695.851187
-12.0,201,696.243901
-2.1,212,696.513826
-11.31,132,696.730952
-12.0,201,697.126528
-10.06,7,697.130953
-3.66,368,697.762023
-12.0,201,698.025354
7.21,282,699.028671
-12.0,201,699.291687
-12.0,201,699.684135
-3.37,339,700.167645
-12.0,201,700.558721
-12.0,201,700.820039
-12.0,201,701.212484
-2.52,254,701.639042
-10.34,35,701.66225
-12.0,201,702.05845
17.94,210,702.455738
-12.0,201,702.717771
-12.0,201,703.112642
-12.0,201,703.374359
-10.88,89,703.563915
-12.0,201,703.961167
-12.0,201,704.643879
7.57,246,705.065973
-2.39,241,705.485021
6.77,326,705.960478
-12.0,201,706.352472
-2.35,237,706.765859
-12.0,201,707.028722
-12.0,201,707.420979
-2.46,248,707.84387
-12.0,201,708.109864
-12.0,201,708.500061
-3.54,356,709.120251
-10.95,96,709.312463
-10.67,68,709.356733
-12.0,201,710.170673
-12.0,201,710.433051
-12.0,201,710.824482
-0.21,23,710.839492
17.94,210,711.238327
-10.84,85,711.295523
-12.0,201,711.687811
-12.0,201,711.953203
-12.0,201,712.344117
-2.48,250,712.766425
-12.0,201,713.158954
-12.0,201,713.418599
-12.0,201,713.808528
-12.0,201,714.070615
-12.0,201,714.466775
-2.02,204,714.730317
-12.0,201,715.133568
-2.01,203,715.949632
-11.9,191,716.207526
-12.0,201,716.599242
-12.0,201,716.863696
-12.0,201,717.258037
-2.15,217,717.528872
-3.39,341,718.139416
-12.0,201,718.531201
-12.0,201,718.792317
17.22,282,719.237499
-12.0,201,719.633741
-12.0,201,720.024311
-12.0,201,720.28596
-2.0,202,720.677962
7.91,212,721.367784
-12.0,201,721.760467
-2.01,203,722.152954
-10.45,46,722.183367
6.05,398,722.834831
-10.59,60,723.005323
-12.0,201,723.268119
-12.0,201,723.663102
-12.0,201,723.926162
-12.0,201,724.317513
-12.0,201,724.578397
-12.0,201,724.972046
-11.86,187,725.222515
-12.0,201,725.614879
-12.0,201,726.006292
-10.31,32,726.027463
-12.0,201,726.28776
-10.58,59,726.456707
-12.0,201,727.140326
-0.8,82,727.323939
-2.63,265,727.755452
-11.59,160,727.994168
-2.08,210,728.39237
-12.0,201,728.783567
-1.99,201,729.048727
-12.0,201,729.441762
-12.0,201,729.70216
-12.0,201,730.094575
-10.05,6,730.098478
-10.6,61,730.138722
-12.0,201,730.527691
-12.0,201,730.918496
-2.14,216,731.188654
-12.0,201,731.580916
-12.0,201,731.842779
-0.7,72,732.021136
-1.01,103,732.220508
-12.0,201,732.907169
-10.06,7,732.912119
-12.0,201,733.303124
-11.6,161,733.538588
-12.0,201,733.929192
-12.0,201,734.190845
-12.0,201,734.585164
-12.0,201,734.851164
-2.16,218,735.255061
-10.79,80,735.437039
-0.41,43,735.464648
-2.27,229,735.873679
-10.43,44,735.902155
5.76,427,736.705029
-12.0,201,736.966397
9.46,57,737.133228
-12.0,201,737.394914
-12.0,201,737.79002
-12.0,201,738.475612
-0.22,24,738.621493
-11.13,114,738.696796
7.71,232,739.111111
-12.0,201,739.503557
-12.0,201,739.764731
-2.17,219,740.169594
-11.29,130,740.385006
-12.0,201,740.775699
-12.0,201,741.037267
-10.87,88,741.224894
-1.26,128,741.440162
8.87,116,741.646296
-3.8,382,742.287721
-10.87,88,742.345559
-12.0,201,742.739744
-10.66,67,742.914741
-2.26,228,743.196977
-2.15,217,744.013921
7.81,222,744.42267
-2.17,219,744.696422
-2.15,217,745.100107
-12.0,201,745.494155
7.06,297,745.950162
-2.62,264,746.386924
-12.0,201,746.778845
-10.32,33,746.800313
-2.53,255,747.228518
7.78,225,747.63852
-12.0,201,747.902258
-12.0,201,748.295799
-12.0,201,748.557427
-2.89,291,749.139584
-2.67,269,750.001374
-11.02,103,750.201885
-12.0,201,750.464333
-10.95,96,750.657997
-2.61,263,751.092455
-12.0,201,751.481978
-3.56,358,751.979774
-12.0,201,752.369451
-0.27,29,752.388494
-2.66,268,752.827846
-12.0,201,753.221903
8.74,129,753.437804
7.12,291,753.892115
-12.0,201,754.284095
-12.0,201,754.546568
-11.82,183,755.364567
-12.0,201,755.625471
-3.3,332,756.234917
-10.26,27,756.25298
-2.45,247,756.675573
-0.44,46,756.705616
-11.54,155,757.067498
-10.02,3,757.069549
-12.0,201,757.330997
-12.0,201,757.721032
-10.19,20,757.734179
6.65,338,758.348214
-10.65,66,758.391614
-11.11,112,758.595529
-10.17,18,758.607163
-2.04,206,759.005305
6.58,345,759.491454
-1.99,201,759.886763
-12.0,201,760.152045
-10.26,27,760.299859
-10.7,71,760.345543
-2.07,209,761.15944
-11.14,115,761.363237
-0.58,60,761.402429
-12.0,201,761.794109
-12.0,201,762.057483
-12.0,201,762.449827
-10.33,34,762.472349
-0.48,50,762.635744
-2.88,290,763.089149
6.83,320,763.561732
-1.99,201,763.955765
7.2,283,764.396022
6.99,304,764.987325
-12.0,201,765.248793
-12.0,201,765.639921
-2.02,204,765.903736
6.14,389,766.968659
-10.03,4,766.971199
-2.02,204,767.363116
-10.49,50,767.395519
18.48,156,767.757608
-1.84,186,768.011825
-12.0,201,768.404503
-1.63,165,768.644177
8.27,176,768.888325
-12.0,201,769.282345
19.5,54,769.318695
-12.0,201,769.709331
-3.13,315,770.179344
-10.57,58,770.348975
18.05,199,770.609835
-1.9,192,770.997382
-10.12,13,771.005893
-2.15,217,771.406183
-2.28,230,771.687071
-10.06,7,771.691498
-12.0,201,772.508106
-12.0,201,772.899191
-12.0,201,773.161399
-10.46,47,773.192282
-12.0,201,773.582483
-12.0,201,773.975976
-0.26,28,773.994477
-12.0,201,774.258942
-2.11,213,774.659526
-12.0,201,775.055632
-12.0,201,775.318881
-2.29,231,775.731741
7.57,246,776.155223
-10.31,32,776.176252
-1.13,115,776.381303
19.59,45,776.41065
-2.99,301,776.999656
-11.1,111,777.204268
-12.0,201,777.896546
-1.43,145,778.123068
-11.74,175,778.499899
-12.0,201,778.764652
-12.0,201,779.159975
-10.7,71,779.206441
19.58,46,779.366769
-1.97,199,779.626788
6.66,337,780.240888
-10.46,47,780.271401
-2.25,227,780.680182
7.9,213,781.07806
-12.0,201,781.340814
-12.0,201,781.735286
-1.4,142,781.959727
-2.33,235,782.383752
-10.14,15,782.39355
7.81,222,782.796325
-2.41,243,783.216527
-10.4,41,783.668357
9.42,61,783.708753
-2.29,231,784.123848
-1.03,105,784.323839
-3.02,304,784.786203
-2.18,220,785.191329
-10.69,70,785.366821
-12.0,201,785.629108
-2.04,206,786.023818
-12.0,201,786.28624
-11.63,164,786.655906
-12.0,201,786.918828
-12.0,201,787.312846
-12.0,201,787.572434
5.74,429,788.374073
7.9,213,788.642576
7.04,299,789.654598
-12.0,201,789.916786
-11.98,199,790.306806
-2.32,234,790.72254
-12.0,201,790.984065
-11.4,141,791.203686
-3.25,327,791.811541
6.37,366,792.443998
-12.0,201,792.705277
-12.0,201,793.102301
-10.06,7,793.106875
-3.53,355,793.731258
-2.25,227,794.143281
-12.0,201,794.406049
-2.05,207,795.224354
-12.0,201,795.489204
-12.0,201,795.888692
-11.07,108,796.089091
-12.0,201,796.350888
-2.01,203,796.745707
-12.0,201,797.006311
7.88,215,797.404608
-2.11,213,797.80244
-2.03,205,798.066423
-3.26,328,798.673067
-12.0,201,799.066707
-12.0,201,799.327599
-12.0,201,799.7186
-10.04,5,799.721854
-3.16,318,800.624499
7.67,236,801.039582
6.29,374,801.675101
-12.0,201,802.067786
-11.19,120,802.146645
-12.0,201,802.539911
-2.75,277,802.983829
19.17,87,803.171006
-12.0,201,803.433846
-2.53,255,803.862657
-0.37,39,804.018721
-2.34,236,804.434064
-12.0,201,804.695543
-2.93,295,805.149806
-12.0,201,805.541675
-12.0,201,806.349403
-11.78,179,806.597409
-11.07,108,806.79945
-12.0,201,807.061901
-12.0,201,807.452231
-10.17,18,807.463754
-12.0,201,807.858085
-12.0,201,808.122497
-12.0,201,808.514122
-12.0,201,808.77641
-12.0,201,809.168354
-2.35,237,809.582984
-1.42,144,809.806159
-12.0,201,810.196765
-12.0,201,810.456747
-12.0,201,810.849105
-2.01,203,811.113785
-12.0,201,811.929853
-1.69,171,812.173518
-12.0,201,812.564889
-12.0,201,812.82917
-12.0,201,813.221947
-3.2,322,813.689627
-11.85,186,814.071406
-12.0,201,814.332417
-10.09,10,814.33902
-3.38,340,814.967782
-12.0,201,815.362569
-12.0,201,815.656647
-3.14,316,816.274745
-2.43,245,816.696927
-12.0,201,816.960836
-12.0,201,817.777558
-10.85,86,817.834042
-0.87,89,818.02248
-10.18,19,818.035002
-2.86,288,818.618093
-12.0,201,818.887019
-2.54,256,819.316459
-2.19,221,819.722523
-12.0,201,819.986591
6.59,344,820.599544
-12.0,201,820.993045
-12.0,201,821.253725
-2.06,208,821.648514
-12.0,201,821.910778
-2.08,210,822.311318
-12.0,201,822.702686
-2.1,212,823.393334
-12.0,201,823.783303
-2.0,202,824.047642
-2.12,214,824.445391
-12.0,201,824.842629
-12.0,201,825.104788
-10.17,18,825.116571
-11.75,176,825.491708
-12.0,201,825.754191
-12.0,201,826.150194
-2.93,295,826.603087
-3.23,325,827.212599
-12.0,201,827.473746
-12.0,201,827.865288
-12.0,201,828.259809
-3.09,311,829.145062
-12.0,201,829.537901
-12.0,201,829.797833
-10.02,3,829.799885
-2.02,204,830.198268
-0.99,101,830.265061
-12.0,201,830.656829
-2.86,288,831.106331
-2.01,203,831.499437
-3.38,340,832.111838
-12.0,201,832.375646
-12.0,201,832.770293
-12.0,201,833.031592
-12.0,201,833.425645
-12.0,201,833.689061
-12.0,201,834.080469
-12.0,201,834.887062
-12.0,201,835.151328
7.74,229,835.561941
-12.0,201,835.826846
-10.9,91,836.020377
-2.52,254,836.449148
-2.02,204,836.848408
-2.11,213,837.119726
-2.29,231,837.529766
-12.0,201,837.92083
-12.0,201,838.183451
-11.85,186,838.564199
7.28,275,839.006302
7.54,249,839.432295
-12.0,201,839.692737
-10.58,59,840.289375
-12.0,201,840.683194
-12.0,201,840.945028
-2.13,215,841.347763
-12.0,201,841.608532
-12.0,201,842.000831
-12.0,201,842.265643
-10.15,16,842.405666
-2.0,202,842.668042
-10.01,2,842.669328
-2.59,261,843.099364
7.89,214,843.500476
-11.08,109,843.702179
-10.29,30,843.722681
-2.35,237,844.141888
-12.0,201,844.404808
6.49,354,845.034014
-11.52,153,845.265934
-11.08,109,845.88223
-2.07,209,846.280825
-12.0,201,846.543514
-10.64,65,846.719117
-12.0,201,847.109841
-3.17,319,847.585291
-12.0,201,847.978048
-2.52,254,848.407033
-2.23,225,848.686765
-2.14,216,849.089045
-12.0,201,849.482447
-12.0,201,849.743167
-12.0,201,850.135283
-12.0,201,850.400113
-12.0,201,850.793036
-12.0,201,851.056131
7.64,239,851.887456
-12.0,201,852.284038
-2.04,206,852.549871
-2.55,257,852.9759
-2.7,272,853.548615
-2.28,230,853.82869
-12.0,201,854.216523
-11.05,106,854.417433
-11.64,165,854.656836
-12.0,201,855.049914
-2.57,259,855.479504
-2.19,221,855.753726
-2.13,215,856.157254
-10.05,6,856.161094
-12.0,201,856.554118
7.44,259,857.419568
-10.2,21,857.433645
-2.1,212,857.832215
-10.07,8,857.837557
-10.3,31,857.858141
-12.0,201,858.1196
-10.02,3,858.122062
-2.64,266,858.689674
-10.29,30,858.709335
7.91,212,858.980607
-12.0,201,859.376077
-10.46,47,859.408731
-12.0,201,859.804346
-10.84,85,859.992034
-10.9,91,860.05194
-11.19,120,860.26224
-2.04,206,860.680272
-2.3,232,861.114202
-12.0,201,861.37933
-12.0,201,861.7764
-12.0,201,862.040314
-12.0,201,862.43653
-1.73,175,863.104562
-11.0,101,863.303182
-10.32,33,863.324556
-12.0,201,863.723829
-12.0,201,863.989125
-10.76,77,864.170123
8.08,195,864.561227
-12.0,201,864.82403
-12.0,201,865.219829
-1.99,201,865.48386
-11.99,200,865.877353
-2.11,213,866.278029
-12.0,201,866.544438
-12.0,201,866.939209
-11.54,155,867.170812
-2.18,220,867.57612
-12.0,201,867.839859
-12.0,201,868.233698
-2.07,209,868.927201
7.1,293,869.513302
-11.61,162,869.751094
5.47,456,870.576109
-12.0,201,870.837938
-12.0,201,871.230944
-12.0,201,871.494471
-2.07,209,871.895998
-0.84,86,872.084243
5.66,437,872.772793
-12.0,201,873.168887
-12.0,201,873.43212
-12.0,201,873.827791
-12.0,201,874.436913
-10.03,4,874.43988
-11.01,102,874.639316
-12.0,201,875.034283
-12.0,201,875.296327
6.05,398,875.951205
-2.0,202,876.346101
-11.9,191,876.602619
-12.0,201,876.996725
-12.0,201,877.387825
-10.02,3,877.389867
-3.95,397,878.044695
-2.13,215,878.315879
-2.71,273,878.756247
-2.77,279,879.331281
-10.37,38,879.356893
-10.9,91,879.548222
-1.99,201,880.247428
-2.93,295,880.832759
-12.0,201,881.095881
-12.0,201,881.488609
-11.01,102,881.555735
-12.0,201,881.948982
-10.43,44,881.978332
-2.91,293,882.568765
18.09,195,882.827392
6.39,364,883.459057
-12.0,201,883.852758
7.43,260,884.283407
-3.7,372,884.923205
-12.0,201,885.603136
-0.62,64,885.776649
-10.36,37,885.801439
-2.03,205,886.067788
-2.87,289,886.647459
-2.3,232,887.060455
-12.0,201,887.324421
-2.98,300,887.782525
-2.44,246,888.203998
-2.03,205,888.598861
-2.25,227,889.011515
-3.89,391,889.656894
8.23,180,889.905475
-12.0,201,890.298183
-12.0,201,890.560415
-12.0,201,891.373684
-2.1,212,891.771903
-2.0,202,892.03668
-2.39,241,892.457202
-12.0,201,892.848718
-2.52,254,893.279989
-10.97,98,893.344451
-12.0,201,893.737837
-12.0,201,894.130515
17.51,253,894.55667
-12.0,201,894.819162
-12.0,201,895.215537
-12.0,201,895.479646
-0.17,19,895.492348
-12.0,201,895.884179
-12.0,201,896.277072
-12.0,201,896.959793
-2.06,208,897.360287
-12.0,201,897.623544
6.75,328,898.233129
-12.0,201,898.497131
-3.24,326,899.106681
-3.5,352,899.730266
6.47,356,900.226511
-12.0,201,900.619779
-2.33,235,901.034134
-12.0,201,901.295982
-12.0,201,901.690207
-12.0,201,902.086131
-10.92,93,902.147449
-0.13,15,902.581847
-12.0,201,902.974815
-12.0,201,903.367469
-2.34,236,903.654753
6.82,321,904.258325
-2.03,205,904.657409
-12.0,201,904.919753
-12.0,201,905.314877
-10.49,50,905.34815
-12.0,201,905.736929
8.11,192,905.993413
-2.13,215,906.398834
-10.96,97,906.593546
-2.47,249,907.019282
-12.0,201,907.281881
-10.33,34,907.304676
-12.0,201,907.695866
-12.0,201,908.37681
-10.17,18,908.517752
-2.42,244,908.939548
-2.6,262,909.372881
-12.0,201,909.634957
-11.49,150,909.867127
-0.29,31,910.017152
-12.0,201,910.279205
-2.03,205,910.675999
-12.0,201,910.938051
-2.25,227,911.352215
7.33,270,911.788296
-12.0,201,912.180596
-1.73,175,912.437427
-12.0,201,912.831823
7.66,237,913.252783
-3.55,357,914.170148
-11.15,116,914.378744
-10.15,16,914.389486
-1.99,201,914.783455
-12.0,201,915.176594
-12.0,201,915.440172
-12.0,201,915.835405
-10.98,99,915.900663
-12.0,201,916.293496
-10.26,27,916.31178
-2.21,223,916.721457
-12.0,201,917.116524
-12.0,201,917.379857
-12.0,201,917.772758
-10.18,19,917.785112
-2.34,236,918.199093
-2.45,247,918.620872
-12.0,201,918.885053
9.29,74,919.064933
-3.46,348,919.975404
-3.05,307,920.56827
-12.0,201,920.831411
-12.0,201,921.22207
6.76,327,921.827372
-1.99,201,922.089578
-2.24,226,922.500278
7.28,275,922.942941
-12.0,201,923.335129
-12.0,201,923.604144
-2.02,204,923.99906
-1.87,189,924.250335
-3.83,385,925.311094
-12.0,201,925.704252
-10.78,79,925.756172
-12.0,201,926.148337
-12.0,201,926.540152
-1.12,114,926.614714
19.77,27,926.763119
-12.0,201,927.025755
-10.07,8,927.031114
-2.89,291,927.614745
-3.54,356,928.111043
-10.32,33,928.260861
-12.0,201,928.524565
-10.11,12,928.532275
-2.25,227,928.941728
-2.42,244,929.362977
-0.31,33,929.385298
-10.44,45,929.545744
-12.0,201,929.808216
-12.0,201,930.198158
-2.2,222,930.890699
-12.0,201,931.281844
5.63,440,931.961721
-3.22,324,932.567892
9.05,98,932.764934
-11.08,109,932.965993
-10.86,87,933.022766
-10.22,23,933.037715
-12.0,201,933.432303
-12.0,201,933.824643
-10.14,15,933.83458
-2.1,212,934.105343
-12.0,201,934.498001
-12.0,201,934.89177
-2.05,207,935.16029
-12.0,201,935.553005
-12.0,201,935.817428
-10.08,9,935.823106
-12.0,201,936.651242
-12.0,201,936.914245
-10.06,7,937.049487
-12.0,201,937.310748
-10.97,98,937.504757
7.12,291,937.960721
-11.37,138,938.180291
-3.01,303,938.773646
-2.37,239,939.059986
-12.0,201,939.452531
5.92,411,940.115971
-10.36,37,940.26849
-1.44,146,940.494212
-2.63,265,940.931406
-12.0,201,941.193789
-12.0,201,941.586476
-11.54,155,941.819448
-12.0,201,942.626897
-2.03,205,942.895487
-12.0,201,943.288961
-12.0,201,943.557796
-12.0,201,943.95252
-12.0,201,944.347143
-12.0,201,944.609399
-1.51,153,944.8424
-11.14,115,945.046685
-2.71,273,945.491764
7.52,251,945.917292
-10.91,92,946.107481
-11.08,109,946.309499
-3.25,327,946.787762
-1.33,135,947.009715
-12.0,201,947.40495
-12.0,201,948.222142
-2.9,292,948.675518
7.56,247,949.099103
-12.0,201,949.361849
-2.98,300,949.951581
-10.82,83,950.006223
-3.91,393,950.654331
-2.8,282,951.231168
7.38,265,951.665546
-12.0,201,951.929112
19.01,103,952.128937
-12.0,201,952.521684
-12.0,201,952.783955
-10.36,37,952.942038
6.35,368,953.880261
-12.0,201,954.273621
-12.0,201,954.667077
-12.0,201,954.934078
-11.96,197,955.325427
-12.0,201,955.588264
-2.37,239,956.00914
6.79,324,956.613236
-10.23,24,956.629056
-2.78,280,957.076095
-12.0,201,957.468436
-12.0,201,957.731925
-2.34,236,958.146964
7.69,234,958.561945
-12.0,201,958.823672
-12.0,201,959.638535
-12.0,201,960.031148
-1.99,201,960.292552
-12.0,201,960.685496
-10.06,7,960.690036
-2.09,211,960.960098
-1.49,151,961.321956
-3.07,309,961.786602
-12.0,201,962.181027
-3.09,311,962.649233
-11.62,163,962.886234
-11.54,155,963.121377
-12.0,201,963.522755
19.43,61,963.692132
-12.0,201,963.954613
-2.7,272,964.394855
-2.3,232,965.167447
-0.12,14,965.177016
-11.9,191,965.56492
-11.79,180,965.812834
-12.0,201,966.205197
-12.0,201,966.466173
-12.0,201,966.859245
-2.06,208,967.124515
-12.0,201,967.51725
-2.85,287,967.967815
-2.44,246,968.392562
-2.5,252,968.816537
-12.0,201,969.210525
-12.0,201,969.474024
-12.0,201,969.864514
-10.39,40,969.892595
-3.5,352,970.934282
-12.0,201,971.197731
-12.0,201,971.593248
-1.92,194,971.97843
-12.0,201,972.243635
-10.82,83,972.427523
-12.0,201,972.690964
-3.05,307,973.284037
-12.0,201,973.545844
-10.15,16,973.556358
-2.34,236,973.977297
-12.0,201,974.371253
-2.6,262,974.803435
-11.23,124,975.013842
-12.0,201,975.278523
-2.98,300,976.286115
-12.0,201,976.548602
-1.05,107,976.749834
-11.66,167,976.99285
-2.1,212,977.392869
-10.17,18,977.404272
-2.0,202,977.797632
-11.78,179,978.051892
-2.01,203,978.451064
-0.6,62,978.490696
-1.99,201,978.882596
-12.0,201,979.145705
6.89,314,979.744443
-10.86,87,979.931865
-12.0,201,980.19445
-2.13,215,980.598265
-2.09,211,980.866138
-2.34,236,981.279788
-12.0,201,982.107072
-12.0,201,982.369721
-12.0,201,982.762447
-10.44,45,982.792251
-12.0,201,983.187083
-12.0,201,983.585566
-12.0,201,983.848453
-10.39,40,983.874721
-2.22,224,984.278832
-1.92,194,984.66934
-3.14,316,985.140575
-2.01,203,985.535755
-10.92,93,985.596695
-10.46,47,985.75808
-10.94,95,985.950722
-12.0,201,986.212598
7.51,252,986.640192
-12.0,201,987.035126
5.46,457,988.145742
-2.25,227,988.556228
7.08,295,989.014225
6.81,322,989.619143
-11.24,125,989.830765
-12.0,201,990.095748
-12.0,201,990.487071
-12.0,201,990.878517
-1.48,150,991.1071
-12.0,201,991.370424
-2.47,249,991.796923
-11.36,137,992.017992
-12.0,201,992.409408
-0.65,67,992.453363
-2.04,206,993.271214
-12.0,201,993.665082
-2.01,203,993.929671
-12.0,201,994.319082
-1.99,201,994.582103
-10.03,4,994.584932
-2.06,208,994.981037
-12.0,201,995.243456
-12.0,201,995.639051
-12.0,201,996.029698
-12.0,201,996.291737
-12.0,201,996.688287
-12.0,201,996.948476
-3.41,343,997.56418
-11.55,156,997.799382
-3.44,346,998.414108
-12.0,201,999.226262
-2.31,233,999.510329
-12.0,201,999.903992
-12.0,201,1000.166683
-12.0,201,1000.558028
-12.0,201,1000.951276
7.89,214,1001.222888
-2.01,203,1001.619959
-12.0,201,1001.885295
6.27,376,1002.520828
-0.75,77,1002.703476
-2.8,282,1003.146815
-12.0,201,1003.546127
-11.34,135,1003.767416
-12.0,201,1004.031098
6.14,389,1005.107031
18.7,134,1005.32628
-12.0,201,1005.722222
-3.02,304,1006.183986
-11.73,174,1006.559863
7.47,256,1006.988818
-12.0,201,1007.25369
-12.0,201,1007.659225
9.05,98,1007.854602
-12.0,201,1008.11918
-3.95,397,1008.768232
-3.12,314,1009.361632
-1.99,201,1009.626179
-12.0,201,1010.440887
-12.0,201,1010.840073
-12.0,201,1011.104198
-2.15,217,1011.506763
-12.0,201,1011.77224
-12.0,201,1012.165131
-12.0,201,1012.428573
-12.0,201,1012.821446
-10.07,8,1012.826736
-2.12,214,1013.226605
-12.0,201,1013.493681
-10.5,51,1013.657911
6.66,337,1014.142823
-2.31,233,1014.555518
-2.74,276,1014.996537
-12.0,201,1015.388618
-11.22,123,1016.017312
-12.0,201,1016.284123
-12.0,201,1016.676001
-2.15,217,1017.079353
-12.0,201,1017.343317
-2.59,261,1017.776037
6.57,346,1018.396275
-12.0,201,1018.791566
-10.14,15,1018.80176
-12.0,201,1019.0656
-12.0,201,1019.45818
-12.0,201,1019.722026
-2.49,251,1020.150731
-2.16,218,1020.552219
-2.97,299,1021.007327
-12.0,201,1021.820514
-12.0,201,1022.212527
-2.07,209,1022.481359
-2.7,272,1022.918989
-2.06,208,1023.316198
-12.0,201,1023.715744
-12.0,201,1023.981724
-2.01,203,1024.375987
-2.05,207,1024.641979
-12.0,201,1025.038215
-2.85,287,1025.488203
-2.35,237,1025.904585
-2.22,224,1026.315368
-12.0,201,1026.577148
-2.28,230,1027.415141
-10.14,15,1027.425206
-12.0,201,1027.821178
7.76,227,1028.231437
-2.4,242,1028.520577
-2.16,218,1028.924427
-12.0,201,1029.318124
-12.0,201,1029.580174
-12.0,201,1029.975237
-2.14,216,1030.379455
-10.78,79,1030.433198
-12.0,201,1030.825519
-2.86,288,1031.279453
-12.0,201,1031.672773
-12.0,201,1031.938388
-12.0,201,1032.330275
7.62,241,1033.170093
-12.0,201,1033.43204
-3.05,307,1034.02456
-2.04,206,1034.292988
7.69,234,1034.709628
-0.8,82,1034.894113
-12.0,201,1035.156338
-3.99,401,1035.808078
-12.0,201,1036.203737
-2.71,273,1036.647688
5.61,442,1037.331866
-3.87,389,1038.109938
-2.26,228,1038.82446
-2.08,210,1039.222592
17.57,247,1039.64424
-12.0,201,1039.905989
-2.57,259,1040.337661
-3.87,389,1041.110952
-2.04,206,1041.380714
-11.07,108,1041.582393
-12.0,201,1041.973762
-10.77,78,1042.025387
-2.25,227,1042.432545
-12.0,201,1042.693862
-2.03,205,1043.09023
-2.31,233,1043.514076
-12.0,201,1043.778011
-12.0,201,1044.592084
-3.12,314,1045.189032
8.94,109,1045.261125
-2.05,207,1045.657777
-0.45,47,1045.689077
-12.0,201,1046.083167
-12.0,201,1046.346811
-12.0,201,1046.743252
-11.95,196,1047.132205
-12.0,201,1047.421064
-12.0,201,1047.84506
-2.92,294,1048.306568
9.62,41,1048.333556
-10.71,72,1048.519114
-2.35,237,1048.940672
-2.26,228,1049.351829
-12.0,201,1050.047235
-2.69,271,1050.508416
-10.03,4,1050.511367
-12.0,201,1050.914185
-12.0,201,1051.177885
-12.0,201,1051.569716
-2.09,211,1051.970553
-0.52,54,1052.006168
-10.65,66,1052.180588
-2.03,205,1052.451286
-12.0,201,1052.84642
-2.03,205,1053.112348
-1.26,128,1053.326234
7.92,211,1053.726624
-2.12,214,1054.130223
-11.15,116,1054.336684
-0.19,21,1054.35038
-12.0,201,1054.615506
-3.61,363,1055.250415
-2.01,203,1056.092212
-11.35,136,1056.338515
7.31,272,1056.840857
-0.28,30,1056.86096
-12.0,201,1057.275499
-12.0,201,1057.552345
-3.83,385,1058.213936
-2.02,204,1058.617151
-12.0,201,1058.88533
-12.0,201,1059.285521
7.45,258,1059.729852
-12.0,201,1060.125212
-3.59,361,1060.631207
-10.2,21,1060.775366
-12.0,201,1061.046574
-10.26,27,1061.064833
-12.0,201,1061.888452
-10.98,99,1062.087736
-10.63,64,1062.131478
-10.43,44,1062.294804
-10.13,14,1062.304265
-2.03,205,1062.570826
-0.86,88,1062.765114
-12.0,201,1063.164919
-12.0,201,1063.431468
-12.0,201,1063.829962
-2.3,232,1064.129393
-10.4,41,1064.327194
-12.0,201,1064.603612
16.56,348,1065.240723
-10.04,5,1065.24402
-2.32,234,1065.659796
-2.04,206,1066.063958
-10.62,63,1066.105555
-12.0,201,1066.504421
7.47,256,1066.934885
-12.0,201,1067.635311
-11.12,113,1067.850589
-10.1,11,1067.858258
-12.0,201,1068.265656
-3.72,374,1068.921289
-12.0,201,1069.184531
-2.04,206,1069.580279
-12.0,201,1069.848978
-12.0,201,1070.253619
-2.15,217,1070.674204
-12.0,201,1070.936743
-2.08,210,1071.335707
18.51,153,1071.574824
-12.0,201,1071.974453
-12.0,201,1072.248202
7.97,206,1072.647894
-12.0,201,1073.336193
-12.0,201,1073.729005
-12.0,201,1074.139584
6.92,311,1074.616151
-3.01,303,1075.088301
-2.03,205,1075.485124
-12.0,201,1075.884721
-2.52,254,1076.205515
-2.04,206,1076.602554
-12.0,201,1076.996557
-12.0,201,1077.267138
-2.34,236,1077.685107
-2.55,257,1078.116688
-12.0,201,1078.507011
-12.0,201,1079.195415
-2.42,244,1079.614561
-2.03,205,1080.009337
-10.82,83,1080.063965
-12.0,201,1080.454824
-3.48,350,1081.074592
-12.0,201,1081.335672
-12.0,201,1081.724782
-10.98,99,1081.920672
-10.84,85,1081.976539
-12.0,201,1082.370695
-12.0,201,1082.634147
-12.0,201,1083.030181
-2.61,263,1083.462621
-10.83,84,1083.647977
-11.81,182,1083.894593
-0.41,43,1083.924778
-12.0,201,1084.741485
-2.04,206,1085.138649
-12.0,201,1085.399834
-11.73,174,1085.773224
-2.11,213,1086.044901
-12.0,201,1086.436957
-11.3,131,1086.651552
-3.61,363,1087.277994
-12.0,201,1087.54288
-12.0,201,1087.933344
-12.0,201,1088.196452
-3.56,358,1088.820855
-12.0,201,1089.211509
-0.54,56,1089.248294
-12.0,201,1089.63878
-2.17,219,1090.33377
-12.0,201,1090.72405
-12.0,201,1091.117231
-11.87,188,1091.370317
-12.0,201,1091.763046
-1.31,133,1091.981454
-12.0,201,1092.247832
-12.0,201,1092.637933
-2.14,216,1092.909052
-11.92,193,1093.295514
-2.01,203,1093.685842
-2.7,272,1094.126948
-3.16,318,1094.595423
-10.02,3,1094.597447
-12.0,201,1094.989523
-12.0,201,1095.253347
-12.0,201,1096.060258
-12.0,201,1096.450094
-12.0,201,1096.713434
-12.0,201,1097.113781
-11.19,120,1097.322714
-11.22,123,1097.533475
-12.0,201,1097.795525
-12.0,201,1098.191157
19.43,61,1098.232081
-2.05,207,1098.628436
-12.0,201,1098.889483
-2.24,226,1099.297084
-12.0,201,1099.687895
-12.0,201,1099.949683
-12.0,201,1100.342902
-12.0,201,1100.605174
-12.0,201,1100.998368
-12.0,201,1101.808113
-1.28,130,1102.021929
-3.74,376,1102.53371
-0.79,81,1102.716768
-12.0,201,1103.106791
-12.0,201,1103.371333
-12.0,201,1103.763484
-12.0,201,1104.024718
-2.41,243,1104.446648
-12.0,201,1104.835328
-2.35,237,1105.248443
-12.0,201,1105.510237
-10.76,77,1105.690607
-12.0,201,1105.949531
-12.0,201,1106.344831
-3.43,345,1107.381626
19.11,93,1107.443345
-12.0,201,1107.834427
-3.13,315,1108.301894
-12.0,201,1108.69321
-2.98,300,1109.150238
-2.26,228,1109.560522
-1.99,201,1109.951168
-2.96,298,1110.405531
-12.0,201,1110.797051
-3.33,335,1111.27725
19.69,35,1111.431185
-1.82,184,1111.681666
-2.27,229,1112.09102
8.54,149,1112.319544
-12.0,201,1113.131064
-10.04,5,1113.13432
7.29,274,1113.574815
-12.0,201,1113.834389
-1.44,146,1114.057732
-12.0,201,1114.451442
-10.39,40,1114.477731
-12.0,201,1114.86968
6.56,347,1115.489647
-2.06,208,1115.756701
-2.98,300,1116.344053
-10.13,14,1116.353892
-12.0,201,1116.615954
-12.0,201,1117.005731
-2.71,273,1117.443094
-2.11,213,1117.851276
-3.46,348,1118.761665
-2.64,266,1119.197139
-2.08,210,1119.593045
-3.37,339,1120.20708
-2.09,211,1120.476024
-12.0,201,1120.866993
-10.34,35,1120.889783
-12.0,201,1121.28114
-12.0,201,1121.544908
-1.99,201,1121.935287
-10.07,8,1121.940854
-2.36,238,1122.360487
-2.0,202,1122.622858
-1.63,165,1122.990026
-12.0,201,1123.252064
-10.05,6,1123.256207
-1.99,201,1123.650189
-10.43,44,1123.679199
-11.59,160,1124.338768
-2.17,219,1124.743418
-12.0,201,1125.134456
-12.0,201,1125.394987
7.58,245,1125.813326
-12.0,201,1126.203234
-12.0,201,1126.465098
-2.38,240,1126.879341
-12.0,201,1127.26846
7.78,225,1127.67522
-2.0,202,1127.935431
-2.12,214,1128.33493
-12.0,201,1128.601359
-2.61,263,1129.034198
-12.0,201,1129.841294
-12.0,201,1130.235907
-2.5,252,1130.660101
-2.0,202,1130.923445
-2.19,221,1131.328197
-10.25,26,1131.345188
-12.0,201,1131.738355
-11.63,164,1131.976464
-10.03,4,1131.978987
-12.0,201,1132.240626
-11.05,106,1132.439218
-10.12,13,1132.447765
-1.04,106,1132.646205
6.82,321,1133.249848
6.98,305,1133.709027
-12.0,201,1134.101812
-12.0,201,1134.366193
-12.0,201,1134.759258
-12.0,201,1135.437811
