#{"t_start": 1784203062.525381, "env_id": "snake-v0"}
r,l,t
-14.6,22,0.962916
-13.8,8,0.969592
-15.7,37,1.085999
-12.25,7,1.092222
-17.1,13,1.130784
-12.8,6,1.135519
-12.5,5,1.168667
-11.8,10,1.176677
-12.7,6,1.210178
-18.65,19,1.254222
-10.4,2,1.256141
-14.0,9,1.262912
-15.2,25,1.341417
-14.3,10,1.377729
-13.55,11,1.386386
-20.95,27,1.465688
-31.0,54,1.596884
-6.75,20,1.670281
-11.75,7,1.676317
-2.45,12,1.71389
-11.35,4,1.717414
-4.95,15,1.759769
-26.85,62,1.928177
-13.35,11,1.965309
-13.2,17,2.01016
-14.45,10,2.019043
-15.85,15,2.060357
-18.0,24,2.137796
-13.25,12,2.147768
-16.3,25,2.225924
-0.85,8,2.261508
-12.4,12,2.271646
-13.75,7,2.305991
-12.7,9,2.31295
-12.0,5,2.347538
-12.1,4,2.352157
-13.8,9,2.359894
-14.6,17,2.403202
-11.15,7,2.439299
-16.4,10,2.476297
-13.15,19,2.521005
7.4,14,2.561658
-10.3,2,2.563221
-16.35,23,2.610839
-13.05,8,2.645915
-14.6,12,2.656096
-12.85,11,2.694126
-12.2,13,2.734336
-12.7,13,2.774482
-12.25,6,2.779058
-10.6,2,2.780932
-16.15,16,2.822523
-15.4,13,2.862961
-15.75,18,2.915539
-10.95,7,2.950763
-10.15,3,2.953349
-2.6,13,2.994524
-4.25,15,3.037041
-11.75,35,3.127235
-10.55,3,3.129665
-13.25,11,3.168437
-13.15,8,3.175034
-11.7,9,3.212881
-12.5,9,3.22067
-16.6,36,3.309751
-11.95,7,3.344549
-13.2,13,3.39077
-11.2,4,3.393918
-12.7,17,3.440575
-15.0,9,3.477603
-10.35,2,3.479165
-12.8,12,3.489899
-11.7,12,3.529318
-13.75,11,3.571709
-11.9,10,3.611739
-10.95,3,3.61517
-2.45,16,3.658484
-11.85,11,3.667952
-12.25,6,3.702541
-10.35,3,3.7057
-1.7,10,3.743362
-12.3,5,3.748069
-11.25,6,3.752938
-11.65,7,3.790813
-1.4,9,3.798964
-11.45,3,3.801745
-11.05,4,3.836071
-11.9,12,3.846457
-12.0,9,3.884622
-2.15,12,3.92609
-10.95,3,3.928837
-11.05,4,3.932534
-12.5,9,3.970302
-10.95,3,3.973005
-13.3,13,4.021594
-13.9,9,4.03032
-10.35,3,4.064417
-11.05,11,4.074386
-11.5,9,4.114849
-11.95,7,4.12083
-12.25,7,4.161911
-11.65,4,4.165774
-11.65,7,4.171228
-13.8,9,4.209808
-10.25,2,4.211412
-13.45,11,4.252795
-11.7,5,4.25768
-10.65,3,4.260299
-12.8,9,4.299064
-1.05,8,4.305974
-12.3,14,4.351128
-2.75,12,4.392722
-10.6,2,4.394335
-11.6,13,4.435223
-10.45,3,4.437677
-11.5,6,4.44406
-11.2,5,4.477817
-10.35,2,4.479412
-3.15,9,4.487532
-10.95,3,4.519938
-11.85,8,4.527156
-10.45,2,4.528736
-11.3,5,4.562421
-11.25,6,4.567847
-12.7,5,4.572565
-12.2,9,4.609598
-11.45,7,4.615746
-10.75,6,4.648401
-12.5,9,4.656602
-13.15,8,4.692629
-10.5,2,4.694266
-10.4,2,4.695867
-2.1,13,4.736073
-10.85,3,4.738747
-10.95,3,4.741187
-10.55,2,4.742818
-12.55,7,4.777599
-11.35,4,4.781264
-13.7,9,4.788979
-12.15,7,4.823341
-12.95,15,4.865367
-0.8,4,4.868621
-10.85,3,4.871198
-11.0,6,4.904455
-10.55,4,4.907824
-10.9,4,4.911078
-11.8,4,4.914949
-12.05,8,4.949983
-12.55,8,4.956886
-14.5,28,5.040289
-11.1,5,5.044326
-10.4,2,5.075572
-12.35,6,5.080689
-13.5,8,5.087009
-11.0,8,5.12238
-12.0,6,5.145135
-11.3,5,5.180384
-10.65,3,5.182763
-4.35,22,5.23116
-11.35,6,5.26511
-12.85,7,5.271793
-13.35,11,5.310934
-13.5,8,5.318203
-0.6,5,5.352665
-11.2,5,5.357029
-10.75,6,5.362345
-12.6,6,5.396684
-11.05,7,5.402703
-14.85,11,5.440429
-11.3,8,5.447096
-11.5,4,5.450584
-14.2,9,5.487386
-11.3,5,5.492004
-2.25,8,5.528695
-10.95,3,5.531308
-11.95,7,5.536871
-11.2,4,5.568519
-10.9,4,5.571809
-1.4,9,5.60828
-10.85,3,5.61082
-12.55,7,5.617362
-10.75,3,5.619664
-11.5,5,5.653405
-10.25,2,5.656746
-1.35,12,5.70025
-11.65,10,5.709637
-11.25,6,5.747606
-10.85,3,5.750794
-10.65,2,5.753238
-11.25,6,5.758883
-11.55,7,5.797579
-10.75,3,5.800404
-12.8,9,5.808316
-10.45,2,5.842702
-10.65,3,5.845331
-11.65,7,5.852027
-14.55,8,5.891203
-10.5,2,5.893102
-10.15,3,5.89552
-1.05,8,5.902892
-11.2,4,5.939086
-10.75,2,5.941492
-10.25,3,5.944188
-11.55,3,5.946838
-11.6,5,5.983464
-12.0,6,5.988729
-13.3,14,6.033537
-11.05,11,6.043777
-12.0,6,6.082108
-1.4,10,6.092484
-14.9,33,6.218233
-0.8,6,6.223905
-11.65,7,6.229491
-11.2,4,6.264851
-13.15,8,6.271774
-10.2,2,6.273942
-13.45,12,6.313568
-11.6,5,6.317886
-11.75,6,6.353012
-13.1,30,6.439071
-10.85,3,6.441836
-11.35,4,6.445068
-10.45,3,6.448012
-11.4,9,6.485944
-15.2,29,6.569028
-10.35,2,6.570602
-10.35,3,6.573826
-13.15,8,6.580709
0.0,2,6.582321
-10.4,2,6.613812
-11.5,8,6.620304
-12.1,4,6.624191
-10.55,2,6.625862
-11.75,6,6.660316
-10.5,4,6.664413
-11.1,5,6.668636
-12.5,6,6.707687
-11.95,4,6.711459
-10.85,3,6.714849
-12.2,9,6.755279
-11.2,4,6.759009
-11.65,12,6.800544
-13.4,9,6.808873
-10.7,4,6.844163
-12.45,8,6.852437
-10.65,3,6.855144
-10.45,3,6.857977
-11.2,4,6.892602
-10.45,3,6.89503
-12.0,6,6.900387
-10.45,2,6.901991
-11.95,7,6.938475
-2.15,7,6.944581
-12.5,5,6.978518
-11.25,7,6.984378
-12.05,10,7.024235
-12.1,8,7.031233
-10.6,4,7.03484
-12.6,9,7.071855
-10.85,3,7.074567
-10.45,2,7.076195
-15.85,16,7.119847
-11.65,8,7.157518
-10.45,2,7.15937
-1.2,9,7.167521
-11.3,9,7.209004
-13.0,9,7.247886
-11.5,9,7.256254
-11.95,4,7.25955
-10.75,3,7.292535
-10.85,3,7.2949
-10.45,2,7.296906
-12.25,7,7.302738
-13.0,8,7.339855
-10.6,2,7.341417
-12.7,13,7.382138
-11.9,9,7.390119
-11.25,6,7.424852
-11.75,6,7.430936
-12.1,5,7.435276
-10.75,3,7.468359
-11.95,7,7.475113
-11.6,9,7.51487
-10.9,4,7.519209
-11.5,4,7.523211
-16.95,27,7.608859
-12.45,11,7.618003
-14.7,34,7.733891
-11.35,8,7.740964
-10.4,2,7.742578
-10.75,3,7.745041
-12.5,5,7.778636
-12.3,5,7.78294
-11.15,11,7.820088
-12.45,10,7.828647
-10.5,2,7.830769
-11.75,6,7.864119
-10.65,3,7.866743
-11.95,6,7.872355
-10.75,3,7.903335
-11.2,4,7.906954
-12.25,6,7.911645
-11.85,7,7.946198
-14.9,13,7.957583
-2.55,11,7.994623
-11.95,7,8.028753
-11.35,7,8.034687
-12.1,8,8.070682
-10.85,3,8.073682
-10.75,3,8.076087
-12.3,5,8.080523
-12.7,10,8.117311
-11.7,10,8.12584
-13.15,8,8.160267
-16.4,40,8.2629
-11.35,4,8.297768
-11.8,9,8.305207
-10.45,2,8.307278
-2.85,11,8.346733
-11.6,6,8.352728
-12.25,7,8.391679
-11.95,7,8.398217
-11.5,5,8.434366
-11.5,5,8.438873
-10.15,3,8.441328
-10.25,2,8.443096
-10.55,3,8.445415
-12.1,6,8.481557
-10.3,2,8.48314
-10.35,2,8.48484
-11.15,7,8.521071
-10.5,2,8.523558
-11.5,6,8.528628
-11.35,7,8.535016
-10.3,2,8.567953
-11.2,4,8.571604
-11.3,5,8.57661
-10.25,3,8.578984
-12.3,9,8.620053
-11.95,4,8.624851
-12.9,9,8.66918
-11.95,11,8.680811
-11.75,8,8.724707
-10.65,3,8.727147
-1.25,13,8.772937
-12.25,6,8.7782
-11.75,6,8.816049
-12.8,9,8.827038
-10.9,5,8.864796
-1.8,9,8.873123
-10.65,2,8.874873
-11.65,7,8.912317
-11.9,5,8.917408
-1.8,10,8.95895
-12.9,5,8.964246
-10.55,4,8.969053
-12.1,5,8.974102
-13.0,13,9.01757
-10.7,4,9.054389
-1.3,9,9.065491
-12.2,9,9.106895
-13.75,7,9.11294
-12.8,10,9.155985
-12.85,7,9.161817
-12.8,8,9.20503
-13.15,7,9.212659
-1.95,16,9.263256
-10.25,3,9.266666
-10.75,3,9.2692
-13.6,9,9.312205
-1.35,12,9.356209
-11.7,8,9.364703
-12.1,6,9.402514
-10.4,2,9.404124
-10.35,2,9.405977
-13.0,6,9.411384
-13.25,6,9.446029
-3.0,10,9.454696
-12.1,5,9.490632
-11.5,6,9.495628
-0.65,6,9.501441
-11.25,6,9.537493
-10.7,4,9.541576
-0.6,8,9.548736
-11.95,4,9.581627
-11.15,8,9.606305
-11.05,4,9.610628
-11.65,7,9.648184
-10.9,4,9.652203
-11.65,11,9.694486
-11.95,4,9.699046
-11.8,6,9.704008
-10.5,2,9.738359
-11.25,3,9.741807
-12.7,5,9.745815
-10.95,6,9.751569
-12.25,7,9.788318
-11.7,9,9.796569
-10.95,3,9.831149
-10.75,3,9.834145
-12.35,8,9.841561
-12.8,9,9.882515
-11.75,7,9.888812
-13.0,9,9.928212
-12.2,9,9.93622
-11.15,7,9.97395
-10.9,5,9.978001
-11.5,10,10.018986
-13.3,9,10.027432
-2.3,17,10.073378
-10.35,2,10.105434
-11.9,5,10.110138
-10.55,2,10.111868
-11.75,8,10.149974
-11.1,5,10.154262
-10.55,2,10.156417
-11.5,4,10.15998
-0.5,6,10.194852
-10.9,9,10.202781
-12.2,9,10.242278
-1.2,8,10.249797
-10.35,2,10.251357
-10.35,2,10.252959
-12.05,8,10.291593
-2.05,12,10.33277
-12.2,9,10.341084
-12.25,7,10.376616
-11.25,7,10.383173
-11.9,5,10.387156
-10.75,3,10.421535
-10.65,2,10.423718
-10.85,3,10.426171
-13.25,11,10.469338
-12.0,6,10.474984
-11.8,13,10.515966
-12.0,9,10.523684
-11.1,5,10.55683
-0.85,8,10.563188
-10.75,3,10.566375
-11.9,10,10.603046
-11.8,9,10.641014
-12.9,10,10.649487
-11.4,5,10.68262
-11.0,5,10.686805
-11.5,5,10.691729
-11.9,5,10.695825
-10.65,2,10.729401
-10.35,2,10.731801
-10.95,3,10.734427
-12.2,9,10.742412
-10.75,3,10.777884
-11.95,11,10.787215
-13.25,6,10.824607
-10.25,2,10.826333
-14.95,35,10.916909
-12.75,6,10.92158
-13.25,11,10.961427
-11.5,5,10.965975
-12.2,9,11.004077
-12.25,7,11.010576
-2.85,19,11.085824
-12.5,6,11.091313
-1.9,13,11.131083
-10.85,3,11.133761
-11.75,6,11.138335
-11.1,5,11.172709
-10.95,3,11.175324
-11.1,6,11.180005
-10.55,3,11.182737
-13.6,13,11.221788
-11.35,4,11.225214
-12.6,9,11.263013
-11.1,5,11.267592
-10.6,2,11.269253
-14.2,9,11.30666
-1.9,11,11.344205
-12.25,11,11.353338
-10.65,2,11.383691
-11.5,4,11.386849
-5.95,15,11.428843
-13.4,9,11.436217
-12.45,8,11.47285
-11.35,4,11.476265
-19.8,65,11.65627
-12.05,7,11.692902
-11.15,3,11.695543
-12.45,8,11.702931
-12.85,7,11.739612
-10.55,3,11.742017
-12.55,7,11.74831
-12.5,5,11.781549
-14.7,33,11.870608
-11.75,12,11.881483
-10.7,5,11.915345
-12.9,14,11.95708
-10.85,4,11.960643
-11.15,3,11.963136
-10.35,3,11.966224
-11.5,5,12.001302
-1.0,5,12.006072
-10.5,2,12.007806
-10.75,3,12.010205
-11.2,4,12.013705
-11.6,6,12.049659
-11.05,6,12.054471
-10.65,2,12.056932
-11.5,5,12.092738
-1.75,11,12.102638
-10.15,3,12.105244
-3.75,23,12.188262
-12.6,9,12.197177
-11.0,5,12.233453
-12.45,8,12.240894
-10.55,2,12.242418
-11.6,8,12.280728
-13.15,7,12.287132
-11.5,5,12.324297
-12.0,8,12.331697
-11.15,3,12.334222
-11.5,5,12.368354
-11.3,5,12.373252
-11.4,8,12.380006
-0.75,5,12.415342
-10.55,2,12.416919
-11.95,7,12.423126
-11.7,5,12.457568
-10.9,4,12.460879
-12.8,9,12.46921
-10.45,2,12.503065
-13.2,9,12.511409
-10.9,4,12.515133
-12.35,8,12.55082
-11.1,6,12.555434
-10.2,2,12.557262
0.0,2,12.58943
-11.05,4,12.592684
-12.55,8,12.599732
-16.2,41,12.727668
-1.4,9,12.735871
-10.4,2,12.768727
-11.5,4,12.772647
-12.45,8,12.779181
-11.85,6,12.816405
-10.6,2,12.8181
-10.85,7,12.824297
-11.3,5,12.858515
-3.9,29,12.911786
-11.05,3,12.944048
-10.95,3,12.946779
-11.05,3,12.950355
8.55,11,12.990271
-1.6,13,13.001505
-13.0,9,13.03894
-11.05,3,13.041391
-12.35,12,13.0821
-11.05,4,13.085669
-12.9,9,13.122838
-10.25,2,13.124377
-12.75,6,13.129407
-12.8,8,13.167058
-1.5,9,13.175624
-11.65,7,13.210999
-11.5,4,13.214657
-11.75,6,13.219534
-20.55,95,13.479368
-11.3,5,13.513975
-11.15,3,13.516778
-11.45,3,13.519224
-2.1,10,13.55819
-14.2,9,13.566754
-11.95,11,13.609629
-11.3,5,13.613897
-11.25,7,13.649485
-1.85,10,13.658098
-12.55,10,13.698579
-12.3,5,13.702848
-11.9,13,13.745024
-11.5,4,13.748788
-12.45,8,13.7858
-12.45,8,13.792933
-12.8,10,13.834732
-14.4,12,13.876164
-1.35,8,13.883529
-1.1,6,13.888554
-10.5,5,13.923546
-0.95,8,13.930885
-10.6,2,13.947999
-2.8,9,13.985734
-11.1,5,13.990585
-13.95,27,14.073122
-11.5,5,14.07722
-12.5,5,14.110669
-10.45,2,14.112257
-11.2,4,14.116308
-0.8,7,14.122226
-10.45,3,14.153869
-12.6,9,14.162408
-12.55,7,14.198089
-10.65,2,14.199735
-11.75,15,14.242016
-12.35,10,14.250434
-12.2,9,14.287132
-12.1,10,14.295405
-10.45,3,14.331315
-10.45,2,14.333077
-10.6,2,14.334668
-10.55,2,14.336522
-11.5,6,14.341992
-11.95,4,14.376145
-1.85,9,14.384097
-8.85,59,14.558034
-12.25,7,14.563851
-11.5,4,14.597283
-13.5,8,14.604108
-12.5,6,14.610067
-10.35,2,14.64257
-13.4,9,14.651066
-12.0,6,14.686608
-12.5,9,14.695043
-12.3,5,14.699875
-10.7,2,14.730971
-11.05,4,14.73438
-13.0,12,14.775249
-13.75,7,14.781867
-13.85,12,14.822845
-11.35,4,14.826332
-10.15,3,14.829112
-10.75,4,14.833158
-12.45,8,14.869953
-11.65,4,14.874082
-11.4,8,14.91212
-10.45,2,14.914237
-10.75,3,14.916857
-11.8,4,14.920281
-10.6,2,14.922341
-12.6,9,14.959989
-10.45,4,14.963687
-10.45,3,14.966356
-12.8,21,15.044203
-11.65,7,15.050061
-0.9,7,15.085066
-11.2,4,15.088842
-10.75,3,15.091208
-10.6,2,15.092979
-12.95,11,15.131648
-13.8,9,15.13892
-12.55,8,15.176233
-10.45,2,15.177786
-10.75,4,15.181367
-12.05,8,15.217502
-10.35,3,15.219941
-11.5,6,15.225187
-13.25,15,15.268363
-1.4,6,15.302585
-11.3,5,15.307137
-12.55,7,15.313464
-10.45,2,15.315638
-11.9,9,15.359552
-10.85,3,15.361887
-10.75,3,15.364814
-11.05,4,15.398103
-12.85,11,15.407391
-1.45,11,15.445837
-12.25,6,15.451276
-13.85,8,15.488008
-19.2,85,15.707391
-1.75,11,15.745829
-10.85,3,15.748616
-2.2,13,15.787601
-11.15,7,15.793694
-12.45,8,15.829618
-11.5,5,15.834871
-11.05,4,15.838663
-2.0,14,15.880106
-11.9,5,15.915695
-10.85,7,15.921943
-11.75,8,15.961487
-12.8,8,15.969108
-11.0,4,15.973083
-13.0,9,16.013117
-10.85,3,16.015897
-10.3,2,16.017648
-11.1,5,16.022022
-4.45,29,16.103995
-11.35,4,16.138876
9.05,11,16.148429
-10.65,3,16.15094
-10.5,4,16.184836
-13.8,9,16.193019
-13.0,12,16.234383
-12.2,9,16.271266
-10.25,2,16.273503
-12.15,12,16.28405
-10.2,2,16.316635
-10.2,2,16.31831
-0.05,3,16.320792
-12.95,7,16.326848
-10.9,4,16.363212
-10.85,3,16.366323
-11.7,5,16.370573
-10.1,2,16.372673
-11.6,8,16.406242
-9.2,129,16.753187
-14.2,8,16.761164
-11.95,4,16.76495
-12.4,8,16.801426
-20.6,104,17.067157
-12.3,5,17.102124
-13.1,5,17.106753
-11.95,10,17.144045
-11.5,6,17.149523
-11.95,8,17.186002
-1.6,10,17.194814
-10.35,3,17.197406
-13.1,9,17.243274
-11.5,5,17.248931
-12.4,9,17.288018
-12.35,7,17.294771
-11.3,5,17.330178
-11.05,6,17.335374
-12.05,7,17.341387
-14.55,8,17.380359
-10.45,3,17.382964
-12.45,8,17.419918
-1.85,13,17.431033
-11.35,7,17.465542
-10.55,2,17.467008
-12.7,9,17.5033
-10.7,5,17.50843
-10.95,3,17.511529
-10.6,2,17.513916
-14.25,11,17.553665
-1.85,15,17.595614
-1.35,7,17.601556
-14.75,31,17.686513
-10.65,3,17.689055
-1.7,6,17.72321
-13.75,12,17.733191
-11.95,4,17.764349
-10.45,2,17.765888
-11.5,4,17.769139
-11.05,4,17.772402
-11.05,3,17.803718
-12.55,7,17.809831
-10.95,3,17.812203
-11.4,8,17.848664
-11.05,3,17.851126
-11.5,5,17.855305
-11.7,5,17.859534
-11.95,4,17.89496
-10.35,2,17.896458
-10.65,2,17.89838
-11.5,9,17.938151
-11.25,6,17.944555
-12.65,7,17.951361
-13.3,10,17.993032
-10.75,3,17.995327
-10.3,2,17.997404
-11.3,5,18.032541
-1.05,8,18.039746
-13.6,9,18.077627
-12.2,13,18.08908
-11.3,4,18.125
-12.1,5,18.130546
-12.8,8,18.169683
-12.55,7,18.179135
-11.7,5,18.185657
-1.7,9,18.226756
-12.35,11,18.26695
-10.95,7,18.273381
-12.2,14,18.402365
-12.8,8,18.409921
-11.95,7,18.446438
-10.65,2,18.449242
-11.5,5,18.453393
-12.3,9,18.493487
-11.15,7,18.500134
-10.75,3,18.502505
-12.1,5,18.538743
-14.55,8,18.545866
-10.9,4,18.549584
-10.5,2,18.582142
-13.4,9,18.590274
-10.85,4,18.593425
-11.4,5,18.629086
-10.35,2,18.631343
-10.9,4,18.634836
-10.75,3,18.637307
-11.95,4,18.680866
-10.65,3,18.6836
-11.35,4,18.68696
-1.05,8,18.693845
-11.5,8,18.729363
-11.05,3,18.732159
-11.75,6,18.765328
-10.75,4,18.768739
-11.25,6,18.773952
-12.45,8,18.808974
-11.35,4,18.812141
-13.85,8,18.819034
-13.45,7,18.853927
-10.45,2,18.855802
-14.75,44,18.985184
-40.1,201,19.555767
-11.1,5,19.594265
-12.25,7,19.600802
-10.35,4,19.604081
-2.75,12,19.646441
-1.35,7,19.652756
-11.3,5,19.687036
-10.75,2,19.68879
-10.25,2,19.690909
-11.7,5,19.695082
-11.9,5,19.732607
-11.05,7,19.741505
-10.95,3,19.744096
-2.05,13,19.785315
-10.55,2,19.786943
-11.3,5,19.820471
-11.25,6,19.825729
-11.35,4,19.829406
-16.75,42,19.951807
-10.4,2,19.953433
-12.35,15,19.996979
-10.35,2,19.998654
-11.4,5,20.002735
-12.8,12,20.043228
-10.85,3,20.045526
-12.5,6,20.080849
-14.1,9,20.088223
-12.3,5,20.09282
-11.25,3,20.126745
-12.0,6,20.133457
-10.4,2,20.13528
-10.95,3,20.13795
-11.55,7,20.175536
-11.1,5,20.179647
-2.6,13,20.222245
-10.5,2,20.224285
-11.2,5,20.228406
-11.65,7,20.265985
-11.3,4,20.269113
-13.2,9,20.306755
-10.95,7,20.312842
-10.65,2,20.315542
-10.75,4,20.318964
-2.5,19,20.395212
-12.45,8,20.402677
-10.35,2,20.404369
-0.55,4,20.408696
-11.0,5,20.445781
-11.5,4,20.449077
8.5,13,20.493282
-12.2,8,20.501282
-11.5,6,20.535492
-10.3,2,20.537286
-10.5,2,20.539612
-12.5,6,20.544483
-10.15,2,20.546013
-12.5,6,20.581749
7.75,12,20.622123
-12.6,9,20.629507
-11.9,5,20.633995
-11.75,7,20.668916
-12.7,10,20.706167
-11.95,4,20.709356
-11.9,5,20.713239
-0.7,5,20.717961
-14.05,7,20.753041
-11.05,3,20.755503
-10.5,2,20.757782
-12.7,9,20.794863
-12.8,8,20.802002
-10.3,2,20.803613
-11.2,4,20.836499
-1.3,10,20.845302
-11.05,3,20.848109
-13.1,9,20.885267
-12.1,5,20.890028
-10.6,2,20.891648
-0.35,4,20.925344
-13.1,30,21.009545
-0.1,4,21.012963
-11.35,4,21.016466
-2.6,18,21.060695
-10.65,2,21.062354
-10.4,4,21.094968
-1.7,12,21.105075
-11.45,3,21.108143
-11.75,6,21.143244
-10.55,3,21.145933
-12.6,9,21.18236
-12.1,5,21.18631
-11.65,7,21.19261
-11.8,9,21.228824
-11.75,8,21.235557
-5.25,15,21.276395
-2.3,10,21.314749
-12.05,8,21.321256
-11.9,5,21.353882
-10.75,3,21.356619
-12.4,9,21.393517
-16.9,69,21.56654
-11.75,12,21.604746
8.25,13,21.61529
-12.45,8,21.649817
-12.55,15,21.69148
-11.2,4,21.694824
-12.95,15,21.735146
-10.75,3,21.737717
-2.55,13,21.777156
-10.5,2,21.778797
-10.45,2,21.780479
-13.6,9,21.816468
-2.9,18,21.860472
-10.9,5,21.864929
-10.4,2,21.866531
-11.1,6,21.900592
-12.1,8,21.907148
-10.85,3,21.909837
-10.8,5,21.942727
-11.1,5,21.947166
-12.05,14,21.987778
-2.1,14,22.028894
-11.5,4,22.032391
-10.85,3,22.034976
-11.3,5,22.068227
-10.35,2,22.070025
-30.0,201,22.592421
-11.2,4,22.624119
-10.5,2,22.626134
-1.95,11,22.637237
-13.15,7,22.749654
-10.6,2,22.751545
-13.15,8,22.758378
-13.25,19,22.831186
-10.5,2,22.832771
-1.05,8,22.839282
-1.9,9,22.875705
-11.85,8,22.882426
-1.05,8,22.918062
-11.0,6,22.922859
-12.1,8,22.957393
-12.3,9,22.964927
-11.1,6,22.998074
-10.8,5,23.00228
-11.0,4,23.005575
-11.25,8,23.040722
-12.45,8,23.04722
-11.2,4,23.050684
-12.85,7,23.084894
-11.15,4,23.088087
-10.35,2,23.089928
-12.15,15,23.130955
-12.3,5,23.135094
-10.55,2,23.166837
-10.9,5,23.170866
-11.25,3,23.173375
-11.9,10,23.20972
-10.45,3,23.21208
-12.85,11,23.250709
-10.55,3,23.253056
-13.85,8,23.259438
-12.1,5,23.292277
-11.5,4,23.295651
-10.5,2,23.297363
-11.0,5,23.301521
-1.8,8,23.33684
-11.05,3,23.339516
-13.25,10,23.377707
-18.4,193,23.907675
-15.0,9,23.914929
-11.35,3,23.918384
-12.55,12,23.958571
-12.8,9,23.997517
7.3,18,24.046435
-13.55,11,24.085994
-11.9,5,24.090353
-11.7,5,24.094489
-12.1,5,24.099276
-13.85,22,24.175643
-10.45,2,24.177153
-12.1,5,24.181908
-13.15,7,24.216826
-12.25,10,24.225209
-11.65,7,24.260077
-13.75,7,24.265956
-11.5,5,24.299013
-1.3,9,24.30685
-2.75,7,24.34028
-10.45,2,24.342001
-11.8,4,24.345189
-10.8,5,24.350008
-10.45,6,24.383235
-11.5,6,24.388127
-11.5,8,24.394902
-10.75,3,24.427317
-11.85,6,24.432664
-12.25,6,24.437322
-11.05,4,24.470632
-11.25,6,24.475764
-0.3,3,24.478196
-11.2,5,24.51371
-11.8,4,24.517319
-11.15,7,24.52297
-3.95,27,24.602228
-10.25,2,24.603836
-11.0,71,24.77904
-12.9,5,24.812159
-10.9,5,24.816211
-5.2,105,25.106814
-14.4,13,25.117432
-40.5,201,25.662227
-10.55,2,25.663757
-11.65,8,25.699044
-1.45,8,25.705482
-14.1,9,25.741979
-10.5,5,25.745753
-0.05,3,25.748386
-3.0,22,25.826144
-12.55,7,25.832266
-13.75,7,25.838023
-15.5,42,25.961682
-10.7,2,25.963318
-10.4,2,25.965472
-14.2,9,26.00262
-2.85,8,26.010147
-10.9,4,26.043024
-10.45,2,26.044839
-11.5,5,26.049244
-12.3,9,26.08539
-11.95,7,26.091557
-1.65,8,26.126954
-2.7,15,26.168303
-12.05,11,26.177577
-11.95,7,26.211843
-12.05,11,26.220998
-10.65,3,26.252567
-11.3,8,26.259776
-12.1,8,26.294453
-11.6,6,26.299904
-12.1,8,26.306494
-12.55,7,26.341326
-2.55,15,26.381902
-11.05,4,26.385236
-10.75,4,26.388399
-11.5,6,26.421669
-10.35,3,26.424265
-10.65,3,26.426631
-1.2,9,26.46213
-12.35,8,26.469081
-10.45,3,26.471422
-12.55,7,26.506387
-12.6,9,26.514899
-11.55,6,26.550174
-10.65,3,26.552879
-0.45,3,26.5553
-10.3,2,26.557517
-11.9,5,26.561639
-10.95,3,26.593948
-11.6,5,26.598328
-13.1,9,26.63482
-10.75,3,26.637428
-3.4,17,26.679973
-15.85,16,26.722161
-12.3,13,26.761125
-10.25,2,26.762748
-12.9,8,26.769444
-10.85,7,26.803404
-11.65,8,26.809917
-11.4,8,26.84519
-4.0,12,26.855206
-10.9,4,26.886883
-2.2,9,26.894503
-11.9,5,26.940575
-12.3,9,26.948006
-11.2,5,26.951887
-12.1,8,26.986785
-12.85,10,27.024807
-1.65,8,27.031812
-11.7,8,27.067674
-11.5,8,27.074528
-0.05,3,27.076955
-10.4,2,27.078553
-10.9,5,27.114097
-11.15,3,27.11698
-10.25,3,27.11936
-12.35,8,27.157133
-2.35,10,27.16592
-11.1,5,27.170104
-10.6,2,27.201295
-11.05,3,27.203651
-11.95,7,27.209502
-11.15,3,27.211899
-12.1,5,27.246115
-11.85,6,27.251249
-10.2,2,27.252839
-12.25,6,27.28734
-10.55,2,27.289054
-12.55,7,27.296009
-10.55,2,27.297767
-14.2,9,27.334623
-0.6,5,27.338694
-11.75,7,27.37668
-0.9,6,27.381829
-10.75,3,27.384362
-10.75,4,27.387931
-10.85,7,27.425586
-10.45,2,27.427315
-12.05,7,27.433263
-13.0,9,27.47214
-12.75,8,27.479602
-13.45,7,27.515567
-2.1,9,27.522994
-14.2,9,27.560816
-11.85,8,27.595412
-6.0,33,27.679226
-12.25,12,27.689386
-2.2,13,27.728597
-10.65,2,27.730126
-13.4,9,27.766932
-10.65,2,27.768511
-1.95,8,27.775304
-10.75,3,27.808535
-12.3,8,27.814921
-1.4,9,27.8538
-11.2,4,27.857798
-10.45,2,27.860527
-1.85,12,27.902658
-2.1,18,27.9493
-40.1,201,28.518142
-11.5,8,28.525865
-13.9,9,28.566614
-11.95,4,28.569888
-40.0,201,29.113906
-12.25,7,29.149286
-3.8,30,29.231095
-3.2,13,29.270908
-10.35,2,29.272417
-1.4,9,29.279813
-10.6,4,29.283613
-11.35,4,29.316889
-7.6,49,29.451499
-12.25,6,29.456495
-11.65,4,29.460396
-13.75,10,29.502939
-13.45,7,29.509451
-11.7,5,29.545246
-11.9,5,29.550104
-10.7,5,29.554375
-10.45,2,29.59207
-30.3,201,30.124567
-10.25,2,30.126159
-11.5,6,30.160394
-11.95,7,30.166422
-13.9,13,30.206721
-12.85,10,30.214865
-11.75,7,30.250301
-12.2,9,30.257879
-1.2,9,30.29495
-13.15,8,30.330397
-12.85,24,30.380408
-13.25,6,30.385534
-15.0,9,30.422809
-11.45,7,30.42871
-11.8,5,30.461426
-1.3,14,30.501186
-10.65,2,30.502712
-11.95,7,30.508525
-10.45,2,30.510062
-11.65,7,30.545022
-12.2,8,30.551682
-10.95,3,30.554126
-13.15,8,30.592607
-1.35,7,30.599112
-10.05,2,30.600676
-12.45,8,30.637155
-13.2,9,30.675278
-10.9,4,30.678494
-10.6,5,30.683041
-10.6,4,30.686169
-10.85,3,30.71761
-28.75,127,31.026569
-12.0,6,31.060944
-11.5,4,31.064006
-12.25,7,31.098989
-10.75,2,31.100654
-10.9,4,31.104149
-14.95,10,31.144514
-12.5,5,31.149015
-12.5,9,31.15661
-14.05,10,31.206696
-11.7,8,31.242003
-10.75,3,31.244324
-0.95,7,31.250594
-2.4,9,31.286401
-12.0,6,31.292288
-0.65,4,31.295482
-11.1,5,31.328758
-11.35,4,31.332375
-10.5,2,31.333955
-11.65,4,31.337271
-11.05,3,31.339921
-11.35,4,31.371411
8.3,11,31.380605
-14.2,8,31.415981
-10.85,3,31.418523
-12.3,5,31.422511
-10.9,5,31.456697
-13.9,9,31.46364
-13.7,16,31.505707
-10.75,2,31.50773
-13.15,7,31.543633
-12.85,7,31.54957
-13.6,10,31.586402
-12.0,6,31.591531
-13.5,6,31.627058
-13.5,8,31.633755
-10.3,2,31.635265
-3.35,22,31.710608
-11.05,3,31.712909
-1.4,8,31.71957
-2.6,17,31.762871
-11.75,6,31.796674
-12.7,10,31.80476
-14.5,37,31.921494
-10.65,2,31.92355
-10.55,3,31.925925
-13.15,8,31.960967
-13.85,8,31.967496
-10.35,2,31.969119
-16.45,62,32.133537
-10.6,6,32.138208
-14.3,17,32.182692
-11.3,5,32.217367
-10.4,2,32.219033
-10.55,3,32.221526
-13.7,10,32.262175
-0.75,7,32.270472
-1.5,9,32.31075
-1.4,10,32.320222
-0.95,7,32.358046
-10.3,2,32.359532
-11.05,4,32.362853
-21.7,112,32.676223
-10.7,2,32.677732
-10.9,4,32.714089
-11.05,4,32.718306
-11.05,4,32.722384
-11.45,10,32.763004
-10.4,4,32.767064
-13.0,6,32.772197
-11.35,6,32.807932
-12.3,5,32.811671
-12.9,5,32.816341
-2.35,11,32.855803
-11.05,4,32.859315
-11.85,8,32.895013
-13.85,8,32.902064
-11.5,4,32.905195
-12.55,19,32.979795
-12.3,5,32.984179
-12.4,8,32.990357
-12.8,8,33.027536
-13.4,9,33.064869
-10.55,3,33.067259
-10.4,2,33.06874
-3.05,10,33.077015
-11.5,4,33.108509
-11.85,8,33.115065
-12.35,10,33.151926
-13.0,9,33.159974
-10.3,2,33.191173
-13.15,8,33.198305
-10.9,4,33.201565
-11.3,5,33.235657
-13.15,7,33.241294
-10.75,3,33.243852
-11.2,4,33.246876
-11.5,5,33.279659
-30.3,201,33.825951
-40.0,201,34.371828
-11.0,4,34.375361
-10.6,2,34.376989
-10.55,2,34.378504
-2.1,5,34.411227
-11.3,5,34.415337
-10.65,3,34.417944
-12.6,20,34.462343
-10.3,2,34.493222
-11.35,6,34.498295
-10.7,5,34.502033
-11.7,5,34.534583
-11.7,5,34.538417
-12.85,15,34.58046
-11.1,5,34.585092
-10.6,2,34.586686
-13.15,8,34.624422
-14.6,45,34.754465
-11.75,6,34.760193
-10.35,2,34.762172
-10.2,2,34.763699
-12.05,8,34.801322
-12.85,7,34.806908
-13.0,14,34.847572
-12.1,6,34.852654
-21.1,109,35.144994
-10.45,2,35.146849
-12.55,7,35.18494
-10.65,2,35.186502
-10.4,2,35.188078
-12.35,8,35.223976
-12.4,10,35.232051
-11.5,4,35.235264
-10.1,2,35.266013
-10.4,2,35.267645
-10.2,2,35.269218
-11.5,5,35.273819
-12.1,10,35.310947
-10.2,2,35.312504
-11.5,6,35.31783
-11.7,5,35.350669
-12.35,8,35.357621
-10.4,2,35.359244
-13.8,9,35.39483
-15.4,13,35.450574
-11.4,5,35.454476
-12.5,9,35.461858
-11.75,6,35.495451
-11.75,7,35.501195
-10.95,3,35.503443
-12.0,6,35.537452
-11.8,4,35.541019
-11.35,7,35.546567
-10.25,2,35.576869
-11.3,5,35.580995
-15.2,13,35.619699
-13.85,8,35.626086
-11.5,4,35.629107
-10.45,4,35.661309
-11.7,5,35.665533
-13.25,10,35.703173
-13.9,10,35.710862
-2.3,9,35.746959
-12.1,5,35.75095
-30.0,201,36.276359
-12.3,5,36.280241
-10.35,3,36.282817
-14.5,10,36.318235
-10.45,2,36.319824
-12.5,6,36.325013
-12.1,6,36.358663
-11.25,6,36.363549
-12.35,11,36.401077
-13.2,9,36.40867
-12.25,4,36.440432
-40.1,201,36.946806
-13.95,23,37.01978
-0.45,6,37.025112
-2.7,10,37.061568
-11.05,4,37.065017
-12.2,9,37.071952
-14.55,8,37.106905
-10.45,3,37.109114
-11.9,5,37.113333
-11.75,6,37.145343
-0.35,6,37.150296
-11.5,5,37.154098
-11.05,4,37.184843
-12.95,7,37.1906
-10.1,2,37.1921
-10.7,2,37.19367
-11.2,4,37.224851
-12.45,8,37.230832
-12.85,7,37.265246
-11.7,5,37.269178
-11.1,5,37.272977
-10.65,2,37.274731
-10.35,2,37.276332
-2.8,8,37.311933
-13.05,8,37.318469
-12.0,6,37.351767
-13.8,13,37.390568
-13.4,14,37.428993
-12.25,7,37.434958
-10.75,4,37.438057
-12.4,10,37.47513
-12.2,8,37.481554
-13.85,11,37.519329
-40.0,201,38.05284
-1.3,11,38.061658
-12.25,7,38.095832
-10.75,2,38.097425
-1.05,5,38.101599
-10.4,2,38.10316
-12.25,7,38.13787
-12.3,10,38.145749
-13.75,7,38.179823
-11.75,80,38.385606
-12.4,14,38.425164
-11.5,4,38.428331
-11.5,6,38.43353
-13.75,7,38.468485
-11.4,5,38.472403
-0.5,6,38.478126
-10.45,3,38.507935
-10.45,2,38.509564
-11.95,7,38.51533
-10.55,3,38.517916
-10.85,7,38.551943
-10.75,4,38.555056
-11.05,6,38.560024
-10.5,2,38.590592
-10.45,3,38.593283
-12.1,6,38.598566
-12.25,7,38.634193
-13.5,9,38.641869
-13.8,10,38.678309
-11.05,7,38.684068
-12.8,8,38.719361
-11.3,5,38.723682
-0.8,7,38.729506
-12.1,9,38.76631
-11.05,4,38.769573
-12.65,7,38.803702
-10.3,2,38.80523
-10.45,3,38.807928
-11.7,12,38.846478
-10.5,2,38.847989
-11.6,5,38.852003
-30.3,201,39.388187
-13.15,19,39.432431
-11.1,6,39.437418
-10.35,3,39.439673
-12.75,11,39.624917
-11.7,5,39.629041
-13.8,9,39.665132
-11.35,4,39.668297
-11.3,5,39.699744
-10.45,3,39.702081
-12.8,26,39.752825
-11.5,4,39.783949
-40.0,201,40.288219
-11.95,7,40.321843
-23.65,119,40.6123
-2.4,13,40.650933
-11.35,4,40.653916
-30.0,201,41.18837
-12.7,17,41.23051
-1.2,8,41.236995
-10.35,3,41.239288
-13.6,9,41.275672
-12.85,7,41.281128
-1.8,10,41.318124
-1.4,9,41.354227
-10.65,2,41.355732
-12.1,8,41.362831
-10.6,2,41.364388
-12.1,8,41.401067
-30.0,201,41.904232
-10.45,2,41.935327
-11.6,8,41.94207
-10.75,4,41.94527
-10.8,5,41.977949
-12.5,5,41.98214
-12.9,9,42.017467
-12.85,7,42.023702
-12.05,10,42.060777
-11.0,4,42.063947
-11.7,5,42.068279
-18.1,50,42.197482
-1.65,8,42.232805
-12.45,8,42.239065
-11.3,6,42.272276
-12.25,6,42.276938
-1.05,8,42.310997
-11.4,8,42.317905
-14.2,9,42.354038
-1.5,6,42.358902
-10.6,2,42.360577
-10.45,6,42.365522
-13.15,10,42.402059
-12.75,6,42.407013
-11.35,6,42.440379
-10.7,5,42.444359
-11.35,4,42.447411
8.6,10,42.48353
-13.1,9,42.519849
-13.0,6,42.524958
-10.8,6,42.530016
-11.95,7,42.565286
-10.65,2,42.566892
-13.25,6,42.571472
-12.0,5,42.606236
-12.7,10,42.614805
-11.05,3,42.617373
-11.05,3,42.648949
-13.1,8,42.655676
-12.0,5,42.659722
-2.65,12,42.69744
-10.3,2,42.699349
-40.1,201,43.226735
-11.5,4,43.230014
-11.8,6,43.235159
-12.55,8,43.271477
-10.75,4,43.27468
-11.9,9,43.310939
-1.6,12,43.348946
-11.15,3,43.351367
-10.6,2,43.352927
-10.75,2,43.354538
-11.65,3,43.357092
-1.65,12,43.394987
-13.7,9,43.401999
-11.2,4,43.433912
-10.35,3,43.436203
-0.6,3,43.438652
-14.05,10,43.475179
-16.95,115,43.838975
-13.7,9,43.846199
-12.1,9,43.880706
-15.2,13,43.919625
-22.55,83,44.12956
-0.15,4,44.133141
-12.1,5,44.165442
-12.8,21,44.211013
-11.7,5,44.214813
-11.05,4,44.218006
-13.2,12,44.256208
-10.35,3,44.258851
-10.55,2,44.288169
-1.3,11,44.296528
-10.4,2,44.298173
-10.95,3,44.32772
-14.2,38,44.41239
-10.25,3,44.41531
-11.2,4,44.418324
-14.55,15,44.4589
-0.55,6,44.491114
-11.5,4,44.494434
-0.85,6,44.499713
-12.0,9,44.535236
-12.0,6,44.539731
-1.5,10,44.576467
-30.0,201,45.080713
-10.25,2,45.110241
-12.9,25,45.158689
-12.55,7,45.192528
-40.1,201,45.696122
-10.55,2,45.697636
-13.6,12,45.736755
-12.05,15,45.77881
-13.1,9,45.786388
-11.05,3,45.816051
-13.35,11,45.825215
-11.9,5,45.859544
-12.35,7,45.865648
-11.05,3,45.868082
-11.25,3,45.870396
-16.55,16,45.912465
-12.1,9,45.948858
-11.5,5,45.952808
-12.35,11,45.988527
-21.15,102,46.238559
-10.35,2,46.2679
-10.8,5,46.272038
-10.9,4,46.275413
-10.75,4,46.278614
-10.85,3,46.309458
-11.6,5,46.313726
-10.25,2,46.315696
-12.5,6,46.320429
-3.9,21,46.394567
-14.2,9,46.401831
-11.65,4,46.404994
-13.7,13,46.443638
-11.75,6,46.475706
-11.25,3,46.47805
-0.65,6,46.483232
-10.45,2,46.484812
-15.2,90,46.724866
-3.55,22,46.770806
-11.65,4,46.802064
-12.85,7,46.807569
-15.55,12,46.844837
-11.5,5,46.84914
-12.5,6,46.853638
-12.1,5,46.887034
-10.45,2,46.888645
-2.1,11,46.926068
-12.3,5,46.929878
-12.75,6,46.93485
-12.15,11,46.971725
-12.0,6,46.976586
-11.7,5,47.008762
-20.9,104,47.25926
-14.5,14,47.299418
-13.5,8,47.334178
-10.55,4,47.337581
-13.4,9,47.345232
-12.3,5,47.377501
-11.65,4,47.380716
7.75,16,47.420928
-10.6,4,47.424082
-10.65,2,47.425943
-10.65,2,47.427521
-11.35,4,47.458965
-13.4,9,47.466658
-1.8,13,47.505328
-14.55,8,47.539458
-12.25,6,47.545292
-10.65,3,47.547679
-13.4,9,47.582999
-15.35,95,47.846673
-10.65,3,47.849146
-10.25,2,47.850707
-12.3,5,47.854513
-12.45,8,47.891611
-40.1,201,48.383592
-30.0,201,48.911276
-11.35,4,48.914526
-11.85,6,48.91927
-12.85,7,48.95205
-10.45,3,48.95467
-10.45,3,48.957253
-10.95,3,48.959427
-40.3,201,49.487558
-1.05,5,49.491556
-10.55,3,49.521099
-11.8,4,49.524478
-10.65,6,49.528949
-12.25,11,49.565931
-12.1,9,49.572684
-12.0,6,49.605496
-11.95,7,49.611339
-11.5,6,49.644427
-12.65,7,49.650394
-10.2,2,49.65195
-12.0,9,49.692304
-0.5,6,49.698048
-10.6,2,49.700019
-12.8,9,49.736227
-11.1,5,49.740562
-12.2,9,49.77623
-10.6,2,49.777867
-11.05,3,49.780086
-2.7,10,49.8166
-12.1,8,49.822857
-10.75,3,49.825443
-11.5,5,49.857332
-11.5,4,49.860478
-10.7,2,49.86194
-3.15,16,49.903463
-10.55,2,49.904991
-11.05,3,49.907964
-1.4,9,49.943372
-12.25,6,49.9479
-10.9,5,49.979162
-4.0,11,49.987901
-10.7,2,49.98961
-12.35,6,50.021688
-3.9,17,50.063261
-12.1,5,50.067258
-13.15,8,50.101393
-12.3,5,50.105057
-0.95,8,50.11118
-10.85,3,50.14158
-10.4,2,50.143249
-10.65,3,50.145419
-30.3,201,50.652213
-13.85,11,50.689582
-0.9,6,50.723119
-14.0,9,50.730687
-11.05,3,50.733274
-25.0,137,51.10142
-11.7,5,51.10519
-12.55,6,51.139224
-11.5,5,51.14335
-10.75,3,51.145649
-30.2,201,51.670995
-10.3,2,51.672531
-3.9,23,51.718618
-11.4,5,51.722513
-12.0,9,51.757375
-12.6,9,51.792035
-12.55,10,51.876352
-4.3,16,51.918075
-12.3,6,51.952057
-10.25,2,51.953724
-13.9,13,51.994094
-11.8,5,51.998237
-12.4,8,52.004754
-12.65,7,52.039321
-11.55,6,52.044295
-10.45,3,52.046893
-14.3,12,52.085155
-11.5,6,52.090371
-11.1,5,52.122648
-12.55,7,52.12853
-10.75,4,52.131697
-10.85,3,52.162465
-11.65,7,52.168139
-30.0,201,52.690912
-11.25,6,52.695723
-17.5,44,52.817727
-12.85,11,52.826674
-11.4,5,52.85941
-11.35,4,52.862578
-13.5,12,52.900954
-11.25,6,52.905642
-0.55,4,52.908945
-33.95,156,53.322599
-12.1,5,53.326505
-12.65,7,53.359556
-10.35,4,53.362602
-11.2,4,53.365908
-14.2,8,53.400742
-13.15,8,53.407242
-18.15,72,53.604067
-10.3,2,53.60554
-10.9,4,53.608831
-11.9,5,53.63989
-12.3,5,53.643822
-10.55,4,53.646926
-12.1,8,53.680852
-10.5,2,53.682575
-10.4,2,53.684097
-12.65,12,53.720883
-10.3,2,53.722358
-10.5,2,53.724373
-1.6,8,53.730265
-11.75,7,53.763587
-11.8,9,53.771083
-10.5,2,53.801036
-40.0,201,54.296106
-2.7,9,54.330873
-11.65,7,54.336498
-10.65,2,54.338015
-10.35,3,54.340692
-12.5,5,54.372424
-1.2,9,54.380025
-10.5,2,54.381825
-13.25,11,54.418344
-3.1,12,54.456407
-30.0,201,54.959941
-1.3,12,55.000174
-13.5,8,55.036182
-14.2,9,55.043383
-16.2,41,55.159257
-10.75,3,55.161438
-10.9,4,55.164367
-12.85,7,55.198836
-10.35,3,55.20119
-12.0,6,55.205682
-10.6,4,55.208992
-11.05,3,55.239154
-13.4,9,55.246186
-10.55,3,55.248402
-2.2,15,55.287537
-25.75,147,55.687604
-3.0,11,55.696237
-12.4,9,55.730936
-10.75,4,55.734164
-11.85,6,55.738891
-10.55,2,55.769073
-11.55,7,55.775146
-11.3,8,55.78154
-13.6,8,55.815979
-13.85,35,55.90993
-10.5,2,55.911405
-10.55,3,55.913615
-11.45,3,55.944517
-11.55,14,55.982764
-0.5,6,55.987703
-12.4,9,55.994994
-11.5,5,56.029436
-11.35,4,56.033126
-11.55,3,56.035614
-13.15,8,56.070403
-13.9,29,56.151546
-10.35,3,56.154083
-10.85,3,56.156419
-12.0,6,56.161581
-15.6,12,56.199832
-13.0,13,56.238683
-12.9,5,56.243226
-11.9,5,56.248088
-2.8,9,56.284206
-10.75,3,56.286745
-10.45,2,56.288331
-12.2,12,56.326541
-10.9,4,56.329682
-15.0,9,56.364229
-11.0,4,56.367516
-10.15,3,56.369975
-13.4,9,56.404191
-11.1,5,56.408495
-10.75,3,56.411301
-13.85,8,56.445851
-14.2,8,56.452483
-30.0,201,56.981651
-13.15,8,56.987982
-12.25,6,57.020715
-10.3,2,57.022426
-10.5,2,57.024369
-1.05,8,57.059704
-12.1,9,57.067234
-10.3,2,57.068852
-0.75,7,57.101764
-11.05,3,57.104157
-13.5,8,57.11059
-10.35,2,57.139488
-12.55,8,57.146003
-13.0,6,57.150899
-13.8,9,57.186052
-10.95,7,57.191514
-12.4,8,57.225912
-10.7,2,57.227477
-13.5,8,57.26136
-12.9,9,57.268917
-10.45,3,57.27113
-11.05,7,57.305275
-11.5,6,57.309903
-11.3,5,57.313996
-0.8,9,57.349164
-1.65,7,57.354648
-0.8,5,57.386907
-14.55,8,57.393283
-13.25,8,57.427166
-10.75,4,57.430266
-2.45,14,57.470311
-12.5,6,57.475395
-10.65,3,57.477959
-12.1,9,57.513469
-10.8,2,57.515143
-10.4,5,57.519145
-10.25,2,57.547551
-14.35,10,57.555672
-40.2,201,58.083094
-11.8,4,58.086167
-11.5,6,58.09084
-12.25,6,58.123426
-11.6,6,58.128104
-1.9,10,58.163627
-10.3,2,58.165186
-12.0,9,58.172038
-30.0,201,58.695345
-12.0,6,58.70014
-10.2,2,58.701639
-12.8,8,58.737132
-11.8,4,58.740723
-11.85,8,58.776014
-2.65,9,58.783253
-11.55,6,58.816083
-11.1,6,58.820777
-11.2,4,58.824171
-11.35,3,58.826518
-10.2,2,58.855302
-11.8,4,58.85893
-12.45,8,58.865175
-11.35,4,58.896642
0.0,2,58.898333
-11.2,4,58.901772
-13.25,6,58.906431
-1.4,9,58.942682
-0.9,8,58.949339
-12.95,11,58.987219
-11.4,5,58.991575
-10.75,3,59.022036
8.5,12,59.032341
-10.5,2,59.033944
-2.15,9,59.071036
-10.25,3,59.073469
-1.6,11,59.110885
-11.35,4,59.114193
-0.15,4,59.117532
-11.3,5,59.149848
-10.4,2,59.151561
-12.0,6,59.156433
-11.85,6,59.189796
-13.15,10,59.197921
-12.25,7,59.233126
-11.35,4,59.236219
-11.8,5,59.239989
0.0,2,59.241868
-11.95,10,59.278183
-10.6,4,59.281485
-1.65,12,59.318944
-11.05,3,59.321487
-10.4,2,59.323098
-10.9,4,59.354606
-2.4,10,59.362718
-11.25,6,59.395901
-12.2,8,59.402459
-12.2,9,59.438271
-18.8,86,59.646775
-13.6,12,59.685351
-14.55,11,59.69413
-10.5,2,59.724656
-11.8,4,59.727717
-12.65,18,59.769331
-10.45,2,59.770876
-11.05,3,59.773254
-12.9,8,59.807395
-13.0,6,59.812029
3.75,21,59.855659
-12.35,23,60.073678
-10.85,7,60.079617
-10.6,2,60.081189
-11.95,7,60.113774
-13.75,7,60.11913
-1.7,14,60.157589
-16.6,53,60.283238
-12.25,7,60.317491
-11.05,4,60.320642
-11.45,4,60.324018
-10.35,3,60.353569
-1.4,9,60.360926
-10.35,2,60.362442
-14.55,8,60.398273
-11.35,4,60.401821
-12.85,7,60.407408
-12.4,9,60.443165
-18.5,80,60.650039
-13.0,17,60.692734
-13.1,8,60.728452
-2.1,9,60.735812
-12.75,6,60.768293
-12.45,8,60.774423
-12.6,9,60.809443
-2.1,10,60.817518
-13.25,6,60.850593
-12.2,9,60.857786
-10.35,4,60.860765
-0.95,9,60.896477
-0.7,6,60.901268
-14.35,12,60.939079
-36.8,178,61.392357
-11.75,6,61.425647
-11.3,5,61.429635
-2.3,10,61.464574
-10.75,3,61.467545
-13.15,8,61.474069
-10.45,3,61.47648
-12.25,7,61.511219
-11.5,4,61.514266
-12.35,6,61.519264
-0.85,8,61.553474
-10.6,6,61.557978
-11.9,17,61.60033
-1.4,9,61.635047
-28.8,181,62.093065
-40.1,201,62.622292
-13.85,11,62.659698
-11.95,7,62.665021
-3.65,15,62.704289
-12.1,5,62.70836
-11.15,3,62.710751
-12.2,9,62.747179
-11.85,8,62.753738
-11.9,9,62.7899
-10.65,3,62.792826
-11.65,4,62.796248
-12.25,6,62.828796
-12.3,9,62.835786
-12.0,6,62.868281
-11.6,6,62.873031
-10.95,3,62.875756
-11.25,6,62.908631
-12.1,6,62.913172
-13.15,8,62.947416
-12.55,7,62.953405
-10.85,3,62.955845
-11.75,8,62.990426
-10.85,3,62.992825
-11.75,7,62.998189
-11.85,6,63.03051
-10.8,5,63.034489
-12.5,9,63.069119
-13.55,14,63.080422
-13.85,8,63.116266
-12.25,11,63.153125
-10.35,2,63.154837
-11.3,5,63.159321
-12.1,8,63.194088
0.0,2,63.195637
-2.2,9,63.203013
-10.55,3,63.205277
-12.5,9,63.240961
-12.55,7,63.246639
-2.15,11,63.282714
-10.6,4,63.285728
-11.85,11,63.321752
-30.0,201,63.842197
-13.0,9,63.851053
-12.6,9,63.886274
-10.65,3,63.888834
-17.0,13,63.92737
-10.75,4,63.930349
-11.25,6,63.935123
-13.55,14,63.976444
-14.2,9,64.013783
-11.5,6,64.019262
-12.6,9,64.054487
-10.55,3,64.069018
-13.05,8,64.075321
-0.95,8,64.108815
-12.7,10,64.145693
-11.4,9,64.153494
-13.6,10,64.189101
-11.5,4,64.192552
-40.0,201,64.725431
-12.35,7,64.730816
-3.25,16,64.772285
-3.1,14,64.811537
0.0,2,64.813087
-10.85,3,64.815434
-0.25,3,64.817963
-12.0,6,64.851506
-14.9,8,64.857912
-0.85,7,64.892087
-10.85,3,64.89456
-12.0,9,64.901777
-10.55,7,64.934492
-13.15,8,64.941202
-12.1,4,64.971567
-11.95,4,64.975332
-24.1,159,65.384223
-10.75,3,65.386487
-1.1,5,65.39034
-40.1,201,65.911727
-14.35,7,65.917531
-12.1,5,65.950252
-26.55,175,66.393909
-40.1,201,66.896462
-14.15,10,66.933001
-0.8,7,66.938427
-10.4,2,66.939961
-10.95,3,66.969898
-10.4,2,66.971572
-12.0,6,66.976671
-10.75,4,66.979912
-3.25,11,67.017212
-2.2,9,67.052045
-10.85,3,67.05441
-10.9,4,67.057791
-14.6,9,67.0936
-10.5,2,67.095163
-13.0,6,67.100144
-12.25,7,67.105463
-10.75,3,67.136459
-12.1,8,67.142963
-12.4,9,67.178192
-10.65,3,67.180598
-13.25,8,67.187201
-11.65,4,67.218356
-11.15,7,67.223539
-10.65,3,67.226363
-11.2,4,67.256495
-10.3,2,67.258503
-48.5,201,67.761095
-0.6,4,67.764298
-11.0,6,67.796545
-2.65,12,67.834313
-11.35,4,67.837469
-12.1,8,67.844097
-10.25,3,67.875035
-10.45,2,67.876623
-0.85,7,67.88219
-10.55,4,67.885688
-11.65,7,67.919613
-1.2,13,67.957719
-10.5,5,67.961367
-11.1,5,67.964934
-1.55,11,68.001673
-12.0,6,68.00611
-10.75,3,68.008686
-11.8,4,68.039473
-10.6,2,68.041326
-14.15,10,68.049279
-12.55,6,68.089088
-11.5,6,68.094165
-11.65,7,68.127759
-10.75,4,68.130649
-10.45,3,68.133071
-10.35,2,68.134551
-10.95,3,68.136876
-11.35,3,68.167262
-11.6,5,68.171029
-1.05,9,68.17877
-10.85,3,68.210768
-11.6,5,68.214659
-11.35,4,68.2181
-10.4,2,68.219628
-18.35,75,68.419392
-10.65,4,68.42252
-12.05,8,68.45635
-13.0,9,68.463362
-30.3,201,68.983369
-11.85,8,68.98947
-11.05,4,69.021955
-11.75,6,69.026819
-4.1,13,69.065327
-11.65,7,69.071045
-0.5,6,69.103212
-10.3,2,69.104749
-10.75,3,69.107244
-13.15,8,69.113457
-11.75,6,69.146111
-14.55,8,69.152515
-4.95,28,69.231315
-10.95,3,69.233945
-10.5,4,69.26557
-10.5,2,69.267184
-12.1,5,69.270813
-12.35,8,69.276828
-11.45,7,69.311067
-10.25,3,69.313314
-14.6,9,69.347983
-1.65,13,69.358473
-10.65,2,69.387538
-12.5,5,69.391781
-13.8,9,69.398554
-10.5,2,69.429371
-10.85,3,69.431677
-40.0,201,69.925475
-11.85,8,69.960454
-10.75,56,70.088435
-11.05,4,70.119078
-12.7,9,70.126313
-13.25,11,70.162307
-10.3,2,70.163918
-11.5,4,70.167248
-11.2,4,70.170316
-11.35,6,70.204224
-11.05,3,70.206459
-11.1,5,70.210365
-12.1,5,70.243369
-11.3,5,70.247303
-13.5,8,70.25357
-10.35,3,70.284494
-12.25,7,70.289938
-12.75,11,70.326257
-30.1,201,70.818707
-12.2,8,70.852862
-13.8,9,70.860152
-10.65,2,70.889489
-2.4,13,70.900357
-0.7,4,70.93039
-11.7,5,70.934825
-12.35,10,70.969802
-1.8,10,70.977861
-10.45,2,70.979332
-11.7,5,71.012168
-12.25,7,71.018177
-13.25,6,71.023584
-1.6,13,71.061942
-39.9,201,71.596898
-30.5,201,72.117658
-12.1,8,72.152876
-10.2,2,72.154443
-10.55,3,72.156943
-10.65,3,72.159734
-12.95,7,72.193961
-10.35,2,72.195538
-10.5,2,72.197051
-12.3,21,72.242288
-10.7,5,72.275531
-11.8,9,72.283112
-10.6,4,72.28625
-13.0,9,72.320881
-12.25,7,72.326329
-12.8,10,72.363173
-13.15,8,72.397301
-12.25,6,72.402216
-11.2,4,72.405076
-12.85,7,72.43869
-13.25,8,72.445425
-11.3,5,72.449561
-10.6,2,72.47898
-40.1,201,72.977493
-12.7,10,73.013506
-10.25,3,73.01669
-40.1,201,73.541762
-30.0,201,74.037122
-12.25,7,74.070173
-11.5,4,74.073219
-12.55,7,74.079111
-10.45,3,74.081569
-10.4,2,74.11194
-12.8,8,74.11868
-11.05,4,74.121702
-10.2,2,74.123343
-12.0,6,74.156763
-13.15,8,74.163224
-11.95,7,74.197278
-12.05,8,74.203815
-10.9,4,74.206897
-12.3,9,74.24199
-10.65,2,74.243521
-11.75,7,74.277511
-12.1,6,74.282326
-1.35,7,74.287818
-11.65,8,74.323316
-10.35,2,74.325316
-10.3,2,74.326909
-10.45,3,74.329174
-10.35,2,74.330847
-11.5,5,74.363307
-1.35,9,74.370232
-13.7,13,74.408059
-11.05,3,74.410353
-11.35,7,74.443679
-12.2,13,74.482191
-12.6,9,74.489271
-1.5,9,74.52383
-10.25,2,74.525944
-11.85,8,74.531831
-11.5,4,74.564098
-11.05,4,74.567432
-12.5,5,74.571125
-12.55,7,74.604278
-10.3,2,74.605789
-11.3,5,74.609744
-0.6,6,74.614187
-13.5,8,74.647843
-3.35,15,74.687051
-11.15,3,74.689316
-11.75,6,74.694297
-1.2,8,74.728505
-0.15,4,74.731366
-13.5,8,74.765012
-1.4,10,74.77279
-10.45,3,74.775553
-10.9,4,74.808347
-13.75,11,74.817217
-10.75,3,74.84766
-11.7,9,74.855481
-0.05,3,74.858028
-40.0,201,75.386771
-12.3,8,75.393186
-11.1,5,75.426084
-10.75,2,75.427594
-12.45,8,75.434012
-10.4,2,75.435508
-10.75,4,75.466382
-10.5,2,75.467878
-12.5,6,75.472466
-1.45,9,75.509021
-10.95,3,75.51143
-10.65,3,75.513804
-11.05,4,75.51724
-12.3,5,75.549533
-1.65,12,75.559051
-10.85,3,75.590251
-11.7,5,75.594419
-10.55,2,75.596045
-1.45,10,75.631194
-10.6,2,75.63304
-2.05,8,75.639204
-10.9,4,75.669295
-11.5,8,75.67574
-10.75,6,75.680371
-40.0,201,76.28343
-13.45,7,76.288516
-23.4,133,76.65011
-13.0,9,76.657084
-12.5,6,76.689026
-12.55,7,76.694959
9.45,8,76.72978
-11.9,5,76.733879
-12.5,6,76.738507
-10.7,5,76.770247
-10.75,4,76.773295
-12.0,6,76.778069
-12.0,9,76.813253
-13.45,8,76.819689
-11.35,3,76.85006
-30.7,201,77.344748
-1.95,9,77.380199
-11.35,3,77.382943
-12.1,5,77.386953
-10.3,4,77.390143
-12.6,9,77.426146
-4.6,10,77.461456
-13.35,11,77.470192
-11.0,5,77.502692
-2.4,8,77.509135
-12.1,9,77.545171
-10.5,2,77.546787
-13.25,10,77.555066
-0.9,7,77.589133
-10.25,2,77.590751
-11.95,4,77.594046
-11.75,8,77.62792
-12.3,5,77.631674
-10.7,2,77.633335
-10.4,4,77.636308
-12.25,7,77.669027
-30.3,201,78.168513
-10.65,7,78.203032
-11.05,4,78.206994
-12.7,10,78.245804
-11.5,5,78.25123
-13.85,8,78.289324
-2.25,12,78.299178
-12.75,8,78.338058
-18.9,17,78.387779
-13.05,8,78.394445
-3.15,12,78.433319
-11.05,4,78.436551
-12.25,7,78.470515
-12.1,12,78.511463
6.85,20,78.556831
-12.55,7,78.562831
-11.05,3,78.565203
-10.45,2,78.596574
-10.45,2,78.598396
-40.0,201,79.122852
-30.0,201,79.660345
-1.55,11,79.669267
-13.2,12,79.707389
-13.8,9,79.744144
-11.95,7,79.749819
-12.25,6,79.783182
-10.6,5,79.787302
-10.5,2,79.788779
-10.55,3,79.791375
-11.7,8,79.826224
-10.6,2,79.827815
-10.85,3,79.830228
-30.0,201,80.372764
-10.4,2,80.374843
-11.25,7,80.3801
-11.35,4,80.383399
-11.0,6,80.416866
-1.1,9,80.424087
-1.45,10,80.460579
-39.9,201,80.982049
-11.8,4,80.985526
-10.2,2,80.987091
-12.7,10,81.023027
-16.2,54,81.150136
-10.35,4,81.153179
-10.65,2,81.154727
-2.0,10,81.189836
-11.2,4,81.193282
-12.1,6,81.22709
-10.7,8,81.233844
-12.1,5,81.237651
-10.65,3,81.269671
-13.15,7,81.27518
-12.55,8,81.281659
-1.25,9,81.317487
-10.2,2,81.318985
-0.9,8,81.361706
-11.35,4,81.364996
-12.5,9,81.372082
-10.5,2,81.402634
-10.55,3,81.404965
-3.8,14,81.4452
-12.8,8,81.451696
-11.7,5,81.455693
-10.45,2,81.486716
-11.0,4,81.490026
-30.1,201,81.990129
-11.55,6,82.024223
-12.1,6,82.029328
-12.55,8,82.064104
-10.75,3,82.066796
-1.1,6,82.071268
-12.25,6,82.104411
-2.8,14,82.115208
-13.45,7,82.148438
-11.5,6,82.153139
-11.05,7,82.187555
-11.6,9,82.194795
-11.05,4,82.225361
-10.95,3,82.227659
-30.0,201,82.731501
-12.75,6,82.76518
-12.0,6,82.770269
-11.5,5,82.774209
-11.3,9,82.810498
-12.35,6,82.815073
-10.85,3,82.817588
-10.65,2,82.847774
-11.05,4,82.851899
-11.5,5,82.855708
-1.1,7,82.889265
-10.45,3,82.892015
-30.0,201,83.393171
-12.2,9,83.428781
-11.1,5,83.432575
-10.65,2,83.434285
-13.1,9,83.472137
-12.75,6,83.477408
-10.4,2,83.478897
-10.25,2,83.508987
-11.65,4,83.512247
-10.4,2,83.51385
-10.55,2,83.515369
-11.15,3,83.518102
-11.35,8,83.553324
-11.9,8,83.559813
-10.85,3,83.56215
-40.1,201,84.097056
-12.5,5,84.101346
-10.3,2,84.102864
-11.7,5,84.135123
-12.0,8,84.141726
-11.25,3,84.144219
-10.55,2,84.174109
-11.7,5,84.178479
-12.3,5,84.182255
-11.95,7,84.216757
-11.2,4,84.219919
-10.65,3,84.222244
-10.95,3,84.224836
-11.15,3,84.227154
-13.9,9,84.262903
-11.1,5,84.344891
-12.75,8,84.379137
-12.55,6,84.384311
-11.1,5,84.388144
-12.25,6,84.421366
-12.0,6,84.425922
-10.45,2,84.427623
-11.85,8,84.461568
-12.25,7,84.467283
-10.55,2,84.469103
-10.75,3,84.499248
-10.7,2,84.500913
-10.15,3,84.503212
-0.9,7,84.509072
-0.25,3,84.538797
-10.35,2,84.54038
-12.25,6,84.545552
-10.25,3,84.547863
-11.35,4,84.550971
-10.35,2,84.581256
-11.15,4,84.584762
-12.45,8,84.590998
-0.7,7,84.623727
-1.1,9,84.631238
-12.85,7,84.664933
-18.85,79,84.868955
-11.7,5,84.873086
-12.1,8,84.907571
-0.3,5,84.911793
-10.95,3,84.914268
-12.5,9,84.950046
-12.25,7,84.955599
-1.45,11,84.992671
-13.5,8,84.998744
-1.3,8,85.035482
-11.8,4,85.038523
8.45,15,85.078411
-10.35,3,85.080772
-11.8,9,85.115385
-40.5,201,85.612652
-1.1,7,85.647854
-11.65,7,85.653451
-10.9,4,85.656648
-2.9,10,85.692843
-10.55,2,85.694305
-11.25,6,85.699037
-14.35,10,85.734643
-11.65,4,85.737735
-11.2,4,85.769785
-11.7,5,85.773626
-11.5,6,85.779335
-18.15,76,85.981947
-10.55,2,85.983996
-13.15,8,86.018684
-11.8,5,86.022487
-12.2,9,86.058545
-10.95,7,86.064019
-12.5,9,86.098553
-11.5,5,86.102817
-11.75,6,86.10744
-10.25,2,86.109422
-3.05,11,86.14696
-3.4,17,86.188973
-13.75,11,86.225823
-12.8,8,86.232204
-10.45,3,86.235107
-11.4,9,86.270023
-10.4,2,86.27163
-1.75,9,86.308209
-11.05,3,86.310665
-11.9,5,86.314431
-10.45,2,86.315954
-11.5,5,86.348392
-12.75,11,86.357162
-14.3,9,86.391927
-12.3,9,86.398728
-12.45,8,86.434282
-10.75,3,86.436791
-10.9,4,86.439837
-1.1,6,86.472002
-40.0,201,86.972735
-12.55,7,87.006651
-11.2,4,87.010091
-12.2,9,87.044867
-10.5,2,87.046505
-13.0,9,87.054024
-11.7,8,87.088996
-12.1,8,87.09525
-1.0,10,87.130001
-30.0,201,87.6289
-12.85,7,87.66181
-10.9,5,87.665833
-22.7,89,87.906599
-11.05,4,87.909969
-10.45,3,87.912215
-10.35,3,87.914522
-12.1,5,87.946148
-13.0,9,87.953495
-40.0,201,88.48961
-13.4,9,88.496626
-11.9,5,88.529654
-11.0,5,88.534419
-11.5,4,88.537535
-10.65,3,88.539914
-30.0,201,89.065118
-10.25,2,89.066978
-11.75,8,89.101749
-10.3,2,89.103341
-12.45,8,89.110053
-13.7,9,89.145161
-10.4,4,89.148367
-12.0,6,89.15376
-10.2,2,89.1835
-13.2,12,89.19272
-14.6,9,89.227237
-11.65,8,89.233688
-2.65,11,89.271183
-13.1,9,89.307084
-11.65,4,89.310531
-11.65,7,89.315863
-12.25,4,89.347766
-12.7,9,89.355067
-12.5,6,89.387379
-14.2,9,89.395079
-1.6,9,89.430579
-12.5,9,89.437262
-3.5,11,89.473474
-12.1,8,89.480599
-12.25,6,89.513093
-11.7,5,89.517483
-13.75,7,89.552622
-13.1,9,89.560378
-15.05,11,89.59752
-1.0,10,89.605119
-10.45,2,89.637255
-13.15,8,89.644073
-10.3,2,89.645655
-12.85,14,89.685855
-13.15,7,89.691616
-10.35,2,89.72133
-10.35,3,89.723784
-13.15,8,89.730266
-11.9,5,89.763078
-11.5,6,89.768416
-11.25,6,89.773697
-11.6,6,89.806617
-10.55,2,89.808482
-12.2,10,89.816101
-10.95,3,89.847259
0.0,2,89.848881
-10.9,4,89.852212
-13.85,8,89.887748
-1.35,8,89.894232
-10.35,3,89.896636
-1.7,12,89.934408
-40.0,201,90.456733
-10.45,3,90.459532
-1.65,8,90.465491
-12.1,4,90.46888
-11.25,3,90.498664
-10.75,2,90.50039
-12.7,10,90.50836
-14.6,9,90.542891
-12.2,9,90.580254
-0.95,7,90.58618
-11.65,4,90.589121
-11.05,3,90.591764
-13.8,9,90.62634
-12.25,6,90.63074
-30.6,201,91.157089
-1.4,9,91.164112
-11.5,6,91.195932
-10.45,2,91.197504
-12.3,9,91.232136
-10.65,3,91.234811
-11.95,4,91.238118
-12.9,9,91.273806
-11.65,4,91.277362
-10.55,3,91.27988
-10.15,3,91.282223
-10.95,3,91.28509
-12.9,12,91.323416
-12.75,6,91.328461
-14.2,9,91.363518
-11.7,5,91.367703
-12.0,6,91.400256
-11.8,6,91.405098
-10.9,5,91.408936
-1.2,10,91.445265
-11.3,9,91.479733
-10.75,3,91.482049
-12.4,8,91.488271
-11.1,5,91.519928
-11.1,5,91.52385
-12.25,6,91.528667
-10.35,2,91.530305
-11.3,5,91.562943
-4.35,13,91.604296
-10.65,3,91.606881
7.9,14,91.646114
-11.3,5,91.650182
-10.95,3,91.652439
-10.45,2,91.653908
-11.9,5,91.685594
-11.95,7,91.691251
-10.9,4,91.694321
-0.6,6,91.726544
-10.55,3,91.728792
-10.85,3,91.731133
-12.2,8,91.73772
-0.3,3,91.768613
-10.3,2,91.77012
-11.45,7,91.775732
-10.75,4,91.778687
-10.5,2,91.808511
-11.1,5,91.812293
-11.2,4,91.81543
-11.05,3,91.817788
-2.8,12,91.854194
-10.5,2,91.855814
-29.9,133,92.215574
-10.7,5,92.22005
-11.5,6,92.225463
-11.35,4,92.228791
-11.9,9,92.263812
-40.0,201,92.809904
-2.1,13,92.819915
-11.1,5,92.851693
-13.8,9,92.858763
-10.25,3,92.861035
-13.15,8,92.894865
-12.25,7,92.900561
-1.8,10,92.937384
-12.0,6,92.942607
8.9,10,92.979193
-39.7,194,93.473347
-10.65,3,93.476168
-11.65,4,93.5078
-6.05,40,93.598558
-0.45,3,93.601339
-4.1,19,93.646859
-11.65,7,93.680694
-11.2,4,93.684135
-11.3,5,93.68809
-10.4,2,93.718425
-4.3,30,93.771131
-11.85,6,93.804909
-10.65,2,93.806493
-13.0,10,93.843169
-3.0,14,93.854555
-3.1,21,93.930036
-10.35,3,93.932362
-10.45,3,93.935169
-11.05,7,93.969703
-13.45,7,93.975304
-13.9,13,94.013314
-0.9,9,94.020853
-12.3,5,94.053308
-6.1,19,94.096888
-12.5,6,94.101897
-18.4,77,94.303287
-12.0,6,94.307856
-24.05,94,94.55036
-11.5,5,94.582058
-11.0,4,94.585373
-11.75,7,94.59122
-10.55,3,94.622185
-28.0,121,94.913549
9.7,7,94.947577
-11.25,3,94.950388
-1.65,10,94.958621
-14.95,10,94.994912
-10.65,2,94.996595
-11.2,4,94.999707
-13.5,8,95.034657
-11.65,4,95.037694
-13.15,8,95.071691
-11.5,4,95.075206
-10.3,2,95.076793
-11.75,8,95.082918
-11.7,5,95.113897
-11.85,6,95.118648
-12.2,9,95.15535
-27.9,121,95.445212
-6.05,41,95.561767
-10.95,3,95.564143
-10.9,6,95.569237
-10.35,3,95.599681
-11.15,3,95.602275
-12.5,6,95.60681
-12.25,7,95.640072
-10.45,2,95.641989
-12.55,7,95.648473
-11.4,8,95.683906
-10.7,2,95.685662
-11.5,5,95.689531
-10.55,3,95.692282
-10.95,3,95.694677
-1.65,8,95.729933
-11.35,7,95.735792
-13.6,9,95.771906
-11.75,6,95.777226
-1.15,11,95.814311
-12.35,10,95.850608
-11.5,8,95.857184
-10.55,4,95.860726
-12.2,9,95.896123
-10.8,5,95.900533
-11.45,7,95.934741
-11.5,6,95.93954
-13.15,7,95.97372
-12.95,11,95.982712
-12.75,6,96.016892
-1.3,10,96.024556
-11.9,5,96.056996
-10.55,3,96.059821
-30.1,201,96.568513
-13.25,8,96.602121
-1.05,11,96.610639
-11.95,7,96.64537
-1.7,9,96.65253
-30.2,201,97.190029
-11.0,4,97.193594
-12.65,7,97.226762
-12.8,10,97.234799
-11.35,4,97.266097
-13.15,7,97.271873
-10.9,4,97.275246
-0.5,6,97.307266
-12.45,8,97.313538
-11.85,8,97.348388
-13.85,8,97.354947
-40.1,201,97.881391
-10.35,2,97.882938
-11.7,8,97.889448
-10.75,3,97.92027
-12.5,6,97.925352
-1.5,13,97.9632
-3.75,11,97.972092
18.35,15,98.011983
-13.05,8,98.052367
-11.3,5,98.056153
-12.3,5,98.060676
-12.55,10,98.096819
-10.45,2,98.098385
-0.75,7,98.1325
-11.6,5,98.137074
-11.8,4,98.140282
-12.7,10,98.176419
-10.3,2,98.177958
-11.35,3,98.180179
-1.6,9,98.21492
-11.9,5,98.218759
-12.35,6,98.223318
-1.5,9,98.257434
-11.85,15,98.296876
-11.9,5,98.301135
-10.7,4,98.304157
-10.75,4,98.335019
-10.0,61,98.494229
-10.9,4,98.497227
-14.2,9,98.504908
-11.25,7,98.538728
-0.15,4,98.54206
-12.5,17,98.582879
-11.85,8,98.61725
-11.5,4,98.620332
-19.2,123,98.949392
-1.75,7,98.955396
-11.0,6,98.960603
-30.0,201,99.482388
-11.0,6,99.487117
-10.6,4,99.517452
-11.45,7,99.522889
-11.8,17,99.563936
-10.85,3,99.566129
-11.7,8,99.6004
-11.35,7,99.605681
-11.35,7,99.639973
-11.7,5,99.64417
-12.25,6,99.648706
-2.1,10,99.685387
-12.25,6,99.690212
-12.25,7,99.726154
-11.05,3,99.728623
-10.55,3,99.730882
-12.4,10,99.76615
-10.75,3,99.768818
-11.3,5,99.772681
-12.65,7,99.806195
-13.6,12,99.815557
-13.15,7,99.848327
-10.45,2,99.849821
-3.5,9,99.886421
-10.9,5,99.890221
-11.3,5,99.894305
-30.0,201,100.566996
-10.55,3,100.569835
-5.8,34,100.652331
-12.5,6,100.657068
-13.25,11,100.693082
-11.9,5,100.696929
-13.85,8,100.732483
-11.3,5,100.737159
-10.3,2,100.738772
-11.75,6,100.771465
-3.0,14,100.810401
-12.8,8,100.816569
-12.65,11,100.852765
-10.7,5,100.856578
-11.05,4,100.859836
-12.75,11,100.896962
-11.65,7,100.902088
-33.35,152,101.309765
-11.35,4,101.312948
-11.0,6,101.345118
-10.85,3,101.34748
-11.35,4,101.351093
-12.7,9,101.386696
-11.7,8,101.393097
-11.35,6,101.397801
-0.3,5,101.428916
-11.6,5,101.432761
-11.7,8,101.467135
-11.2,4,101.470206
-1.7,10,101.477988
-11.35,4,101.509828
-11.05,3,101.512041
-12.5,6,101.518982
-10.4,2,101.521209
-10.85,6,101.554112
-11.05,4,101.557204
-17.0,41,101.673189
-10.2,2,101.674855
-24.05,136,102.00732
-30.1,201,102.528689
-11.65,7,102.534071
-12.7,5,102.565876
-12.1,8,102.572562
-12.1,6,102.577249
-30.2,201,103.103443
-14.95,35,103.186938
-11.45,7,103.220211
-10.3,2,103.221776
-39.9,201,103.719192
-2.0,12,103.756102
-13.05,8,103.792815
-10.45,3,103.795409
-13.2,9,103.802877
-10.95,3,103.805233
-15.4,9,103.840477
-12.15,11,103.877213
-3.0,12,103.887192
-11.8,5,103.919612
-10.85,3,103.921925
-11.35,4,103.924981
-11.55,7,103.95918
-11.55,3,103.961545
-1.2,6,103.966158
-10.15,2,103.968233
-10.65,2,103.969877
-11.25,3,104.001311
-11.15,7,104.006685
-12.2,8,104.04153
-12.0,6,104.046382
-11.95,4,104.049502
-1.2,11,104.08632
-10.35,3,104.089564
-13.15,8,104.123036
-11.45,3,104.125629
-11.65,4,104.128891
-11.15,3,104.131172
-3.3,16,104.171797
-1.05,8,104.206472
-10.4,4,104.209834
-2.65,8,104.216163
-0.05,3,104.247344
-2.1,11,104.25616
-10.45,2,104.257691
-10.85,6,104.289827
-0.3,5,104.294128
-13.25,6,104.325894
-12.55,7,104.331561
-10.9,5,104.336193
-14.0,13,104.374111
-13.4,9,104.409868
-10.35,2,104.411348
-12.35,7,104.41709
-11.05,4,104.420264
-11.2,4,104.451531
-11.85,6,104.456226
-0.5,6,104.461263
-40.1,201,105.064374
-12.9,8,105.099517
-12.1,9,105.107017
-12.6,9,105.142676
-12.3,5,105.146538
-1.45,7,105.152287
-16.6,13,105.190808
-13.15,8,105.224965
-10.45,3,105.227865
-11.9,5,105.231726
-10.4,2,105.233851
-2.45,15,105.274528
-11.45,7,105.309017
-10.75,4,105.312153
-2.25,8,105.318648
-11.45,7,105.352441
-12.0,9,105.359779
-1.3,7,105.392964
-10.65,3,105.395202
-10.85,4,105.398115
-13.95,11,105.435054
-13.95,8,105.469278
-11.15,7,105.474365
-12.1,4,105.477945
-11.35,4,105.480809
-10.9,4,105.511926
-11.45,7,105.51769
-2.15,12,105.555483
-12.5,6,105.560499
-10.35,2,105.562033
-10.2,2,105.591171
-11.15,3,105.593791
-11.35,4,105.596809
-12.0,6,105.601668
-4.45,13,105.639221
-10.25,2,105.640681
9.1,7,105.674666
-13.75,7,105.680292
-13.0,10,105.716317
-11.5,8,105.722789
-40.2,201,106.246982
-11.65,4,106.250464
-12.25,7,106.28397
-11.65,4,106.287037
-11.0,4,106.290086
-11.7,5,106.294192
-11.9,5,106.326556
-10.4,2,106.328043
-10.65,3,106.330403
-13.5,8,106.336739
-11.5,6,106.369816
-1.05,8,106.376274
-10.2,2,106.377892
-2.65,12,106.415307
-11.95,7,106.449386
-11.9,5,106.45354
-10.65,6,106.458074
-10.75,3,106.489088
-14.3,9,106.496592
-13.5,12,106.535388
-10.55,3,106.53767
-11.05,3,106.540317
-2.45,15,106.581289
-1.4,9,106.617342
-11.5,8,106.62385
-10.75,6,106.657016
-12.9,9,106.664512
-13.3,9,106.700655
-0.95,10,106.708942
-10.45,2,106.71053
-12.85,7,106.744642
-11.6,9,106.752196
-10.95,3,106.783395
-10.3,2,106.785158
-13.5,8,106.791496
-1.85,10,106.828058
-10.55,3,106.830485
-12.25,10,106.867202
-11.25,3,106.869633
-11.3,5,106.873741
-10.45,3,106.876421
-13.4,9,106.911855
-11.0,5,106.915723
-11.9,12,106.954026
-12.4,4,106.957374
-40.0,201,107.484957
-10.25,2,107.486571
-1.45,7,107.492366
-12.1,8,107.526642
-10.55,4,107.529693
6.45,29,107.609437
-12.1,6,107.61398
-10.7,2,107.615528
-1.8,10,107.652582
-12.25,6,107.657328
-11.5,6,107.690199
-12.9,8,107.697303
-11.35,4,107.729966
-12.45,11,107.73868
-10.25,2,107.740308
-11.35,7,107.773169
-10.65,2,107.774821
-10.75,4,107.77839
-10.85,3,107.780806
-11.7,9,107.816386
-13.2,9,107.854514
-11.85,8,107.86148
-12.9,8,107.896113
-3.55,12,107.905718
-11.15,3,107.908145
-12.7,5,107.940496
-11.05,3,107.943211
-1.55,11,107.97956
-12.75,8,107.986102
-11.35,7,108.019
-13.3,12,108.028689
-13.15,8,108.06312
-13.4,9,108.070714
-10.85,3,108.100689
-10.25,4,108.103928
-10.2,4,108.107035
-12.5,6,108.112098
-11.5,4,108.143286
-10.4,2,108.144882
-12.55,7,108.150728
-12.8,8,108.185324
-12.45,8,108.191485
-10.45,3,108.194577
-10.85,3,108.224288
-14.95,10,108.232182
-12.55,7,108.266129
-10.75,3,108.269089
-1.65,11,108.306444
-12.1,10,108.314501
-11.05,4,108.317708
-30.0,201,108.848936
-12.2,8,108.884251
-11.05,4,108.887549
-13.1,8,108.894099
-11.2,6,108.925943
-12.0,6,108.930781
-11.65,4,108.934151
-10.35,2,108.935828
-3.95,15,108.976346
-11.5,5,109.009931
-12.8,10,109.018102
-11.15,4,109.049623
-12.1,9,109.056624
-14.6,9,109.0926
-14.7,29,109.142973
-10.55,2,109.173565
-12.55,7,109.17899
-10.6,2,109.180529
-11.75,6,109.212748
-11.5,5,109.216677
-10.6,4,109.219845
-12.1,8,109.253793
-13.6,8,109.260438
-11.7,5,109.264283
-12.55,7,109.298002
-10.95,3,109.300305
-12.7,28,109.379095
-11.3,4,109.382185
-30.0,201,109.913355
-12.5,6,109.918243
-4.5,30,109.996943
-1.5,10,110.004759
-11.75,6,110.037835
-10.7,5,110.041739
-12.45,8,110.076205
-10.5,2,110.077785
-11.9,5,110.081712
-10.75,3,110.084306
-13.25,12,110.122899
-10.95,3,110.125626
-11.6,6,110.158204
-1.4,9,110.165519
-14.6,9,110.201707
-11.5,4,110.204947
-14.6,9,110.239646
-1.4,9,110.247015
-10.95,3,110.249467
-3.5,17,110.291135
-10.85,3,110.322492
-11.2,4,110.325939
-10.2,4,110.329019
-13.5,8,110.364032
-10.15,2,110.365608
-3.7,17,110.406553
-10.3,2,110.408158
-11.7,5,110.412354
-10.85,7,110.445634
-40.0,201,110.939418
-11.9,5,110.94343
-11.4,9,110.979319
-11.05,6,110.98422
-11.95,7,111.018224
-10.3,2,111.019824
-12.65,7,111.025727
-12.8,8,111.059798
-13.7,13,111.098529
-12.45,11,111.107025
-3.05,12,111.14432
-10.55,2,111.14589
-10.65,3,111.14826
-10.95,3,111.178634
-10.55,3,111.181043
-2.1,10,111.189123
-0.7,6,111.222082
-1.35,8,111.228156
-13.15,8,111.262889
-25.15,103,111.514342
-12.25,10,111.553006
-11.9,9,111.560119
-12.5,9,111.594795
-11.25,6,111.599432
-3.3,13,111.63811
-30.5,201,112.162917
-11.75,6,112.168338
-12.6,9,112.20414
-1.3,10,112.212175
-14.75,14,112.251653
-12.85,7,112.285588
-10.65,2,112.287149
-10.5,2,112.288661
-12.0,9,112.29571
-13.95,12,112.333266
-13.85,8,112.369046
-0.55,7,112.374345
-10.75,4,112.377753
-10.45,2,112.407099
-30.6,201,112.914625
-10.4,2,112.916117
-11.25,3,112.918771
-1.65,10,112.956057
-0.05,3,112.958343
-12.45,8,112.993357
-31.8,201,113.490573
-10.65,3,113.493275
-12.3,9,113.528117
-12.0,6,113.532799
-11.05,3,113.563351
-10.65,3,113.565706
-0.5,6,113.570757
-13.25,6,113.602933
-0.65,7,113.608575
-10.65,2,113.610139
-10.8,5,113.614192
-3.05,10,113.649505
-11.05,3,113.652105
-12.25,6,113.685025
-11.05,3,113.68728
-11.7,5,113.691098
-10.45,2,113.692739
-10.3,2,113.694238
-10.75,2,113.695857
-11.7,5,113.728067
-1.4,9,113.73556
-13.15,8,113.770797
-13.75,8,113.776774
-10.65,2,113.778225
-10.75,2,113.80778
-1.05,8,113.814051
-1.2,8,113.848244
-12.25,6,113.853031
-10.45,2,113.854506
-11.9,5,113.858176
-11.35,3,113.888983
-10.35,2,113.890723
-10.85,3,113.893258
-12.0,6,113.897681
-12.1,9,113.932048
-11.3,4,113.935278
-10.95,3,113.937521
-3.6,27,114.01656
-11.75,8,114.023078
-10.5,2,114.052376
-10.9,4,114.055326
-10.65,2,114.056786
-10.3,2,114.058347
-10.9,5,114.062362
-14.2,9,114.09734
-10.45,3,114.09978
-10.95,3,114.102276
-30.7,201,114.628369
-4.6,29,114.708109
-11.2,5,114.712249
-11.0,5,114.716022
-11.95,7,114.749218
-13.2,9,114.756364
-11.8,4,114.787474
-11.3,5,114.791108
-40.0,201,115.295793
-11.7,5,115.32766
-12.5,6,115.33245
-10.2,2,115.334463
-11.9,5,115.365373
-11.65,4,115.368598
-10.9,5,115.372391
-11.5,5,115.376504
-2.2,11,115.412537
-1.2,10,115.447721
-13.5,12,115.484988
-1.55,9,115.491776
-11.75,6,115.496555
-1.5,10,115.532097
-11.8,4,115.535211
-13.8,9,115.57491
-2.25,11,115.613231
-13.2,10,115.620885
-12.25,4,115.623825
-11.7,5,115.656119
-17.3,65,115.819991
-40.0,201,116.319397
-11.3,5,116.350326
-12.55,18,116.391981
-2.25,15,116.431389
-10.4,2,116.432915
0.0,2,116.434521
-12.5,6,116.438924
-10.95,3,116.469411
-10.35,2,116.470971
-11.15,3,116.473218
-12.1,6,116.478348
-10.9,5,116.510552
-2.6,10,116.518718
-1.3,10,116.555496
-10.45,2,116.556992
-11.5,4,116.560576
-10.25,2,116.562116
-12.1,4,116.592596
-12.45,8,116.598759
-10.55,2,116.600358
-2.8,14,116.64832
-11.05,3,116.65153
-30.5,201,117.177083
-10.85,3,117.17929
-11.85,8,117.213075
-11.25,3,117.215297
-12.55,7,117.220989
-10.35,3,117.223249
-10.25,2,117.224806
-2.4,17,117.292957
-11.8,4,117.296177
-10.85,6,117.300958
-13.4,9,117.335637
-12.45,8,117.341722
-10.2,2,117.343788
-10.9,4,117.374734
-16.0,53,117.501271
-11.8,4,117.504426
-11.65,7,117.537076
9.2,6,117.541712
-10.95,3,117.544464
-11.4,8,117.579433
-11.35,4,117.582525
-14.05,10,117.618443
-11.5,4,117.621546
-10.25,2,117.623225
-11.65,4,117.626659
-12.4,8,117.661444
-10.1,2,117.662983
-12.95,7,117.668614
-1.55,11,117.705277
-12.25,7,117.710843
-10.65,2,117.712573
-10.15,2,117.743346
-2.2,10,117.751269
-11.15,7,117.785423
-10.75,4,117.788995
-10.4,2,117.790475
-12.25,4,117.793622
-1.55,6,117.826835
-11.9,9,117.834101
-0.15,4,117.83728
-11.35,3,117.868679
-11.5,6,117.873199
-10.2,2,117.874728
-10.5,5,117.878968
-0.95,8,117.913296
-0.15,4,117.916378
-10.85,3,117.918931
-11.5,5,117.950814
-13.0,9,117.957555
-10.35,2,117.959484
-40.0,201,118.492945
-10.9,4,118.495878
-12.25,7,118.529824
-1.95,10,118.537478
-12.7,10,118.573817
-12.0,8,118.579941
-10.75,3,118.610591
-11.25,6,118.615209
-11.95,7,118.620911
-39.2,196,119.14989
-11.5,6,119.154971
-10.65,3,119.157615
-14.1,12,119.196231
-2.25,11,119.233351
-10.3,2,119.235536
-10.5,2,119.237006
-10.95,6,119.241815
-10.7,6,119.275095
-11.75,6,119.280186
-11.8,6,119.285131
-11.1,6,119.31817
-26.7,158,119.727862
-15.4,10,119.736014
-1.35,9,119.770908
-10.75,4,119.773952
-13.5,8,119.809605
10.9,55,119.937373
-12.45,8,119.971748
-1.15,9,119.979583
-10.5,2,119.981161
-40.0,201,120.513322
-10.95,7,120.519102
-11.95,7,120.553399
-2.85,11,120.562232
-14.6,9,120.59774
-24.55,140,120.976725
-10.55,2,120.978421
-10.45,4,120.981464
-12.2,8,121.01497
-13.15,7,121.020626
-10.55,2,121.022176
-13.45,7,121.056668
-0.25,5,121.061142
-2.1,10,121.070168
-11.65,7,121.104236
-17.45,15,121.144193
-12.85,7,121.149631
-11.75,6,121.183873
-1.55,12,121.193944
-24.2,96,121.440884
-11.25,6,121.479529
-11.5,5,121.483373
-11.3,5,121.487815
-1.3,9,121.524336
-11.55,8,121.53108
-4.2,14,121.570925
-10.85,6,121.604209
-12.35,11,121.612887
-1.05,9,121.648464
-3.85,18,121.691112
-11.75,6,121.696224
9.05,8,121.730991
-13.15,10,121.767802
-10.85,3,121.770427
-10.95,3,121.772644
-10.4,2,121.774173
-13.5,9,121.811069
-12.85,12,121.821314
-10.95,3,121.854676
-10.15,2,121.856356
-12.4,8,121.86339
-13.3,9,121.898437
-11.05,4,121.901765
-40.2,201,122.436962
-2.2,11,122.445906
-11.35,3,122.448365
-11.1,6,122.483505
-11.35,4,122.487717
-13.1,12,122.525535
-12.8,8,122.531953
-12.0,6,122.565125
-10.75,4,122.568875
-12.4,8,122.575344
-11.2,4,122.606837
-12.1,5,122.61114
-1.55,12,122.648072
-2.25,16,122.689619
-11.9,5,122.694
-12.55,7,122.727921
-10.8,2,122.729557
-11.3,8,122.736121
-2.05,11,122.773301
-0.7,6,122.777939
-0.75,7,122.811557
-13.15,7,122.817829
-13.45,11,122.854609
-14.25,11,122.863396
-11.7,5,122.895172
-12.25,6,122.899738
-11.1,5,122.90397
-10.7,5,122.936332
-11.05,4,122.939516
-0.75,7,122.94559
-11.5,5,122.978109
-10.5,2,122.979786
-12.9,9,122.987182
-11.0,4,123.018992
-12.4,8,123.025247
-11.25,6,123.057823
-10.7,5,123.061967
-11.2,4,123.065078
-1.45,8,123.103045
-10.85,3,123.105495
-11.45,7,123.111349
-11.65,11,123.149002
-0.75,7,123.154917
-10.85,3,123.185705
-10.35,2,123.187523
-10.3,2,123.189201
-14.6,9,123.196764
-12.4,5,123.228941
-11.05,4,123.232163
-1.25,9,123.26809
-2.05,8,123.274631
-10.55,2,123.276373
-10.45,6,123.30952
-11.1,5,123.313743
-15.0,9,123.321324
-14.5,41,123.440537
-11.3,9,123.47648
-12.5,6,123.481358
-11.5,5,123.485551
-11.35,4,123.488849
-11.6,9,123.524542
-11.8,4,123.527977
-11.35,7,123.562286
-13.8,9,123.570085
-2.55,14,123.609498
-12.9,9,123.645181
-12.65,7,123.651196
-1.7,9,123.687203
-11.25,6,123.691953
-10.95,3,123.694604
-11.2,4,123.726462
-13.4,9,123.733588
-11.7,5,123.737971
-11.3,6,123.770531
-11.05,4,123.773725
-10.9,4,123.777252
-14.1,10,123.813482
-11.05,7,123.818867
-1.0,9,123.854475
-12.1,8,123.860988
-12.3,9,123.895765
-10.9,4,123.898952
-11.05,4,123.902123
-12.4,9,123.937928
-12.5,5,123.941894
-13.35,12,123.98107
-10.9,5,123.985198
-10.25,2,124.014854
-12.3,9,124.022092
-10.85,3,124.02446
-0.8,9,124.059364
-12.7,5,124.063343
-1.5,11,124.10106
-11.5,10,124.109442
-11.75,6,124.144643
-2.9,9,124.152113
-0.3,5,124.18453
-2.65,16,124.226068
-40.1,201,124.86614
-10.75,3,124.869169
-10.6,4,124.901484
-1.55,11,124.910354
-12.1,5,124.943137
-0.9,6,124.947908
-13.75,7,124.982772
-3.45,11,124.991851
-10.7,5,125.025221
-12.0,6,125.03055
-11.2,4,125.033687
-11.05,3,125.036362
-14.8,12,125.075396
-2.65,8,125.110886
-11.95,7,125.116676
-11.05,3,125.11992
-11.35,7,125.155002
-11.25,3,125.157359
-12.75,6,125.162631
-10.9,5,125.194829
-12.9,9,125.202342
-12.35,10,125.237593
-12.85,7,125.243462
-12.55,10,125.279753
8.55,11,125.28867
-12.8,10,125.325218
-10.3,5,125.329577
-11.7,8,125.364521
-11.95,4,125.368005
-15.55,36,125.454286
-40.0,201,125.979199
-12.4,8,125.985688
-12.8,8,126.02138
-2.05,12,126.058532
-1.45,9,126.065744
-11.6,9,126.100554
-12.5,5,126.104852
-40.1,201,126.634661
-16.7,17,126.676684
-12.0,6,126.681257
-11.0,5,126.685354
-13.5,8,126.71971
-10.75,3,126.721885
-1.95,11,126.758656
-10.25,2,126.76064
-11.35,7,126.766092
-0.5,6,126.798174
-10.25,3,126.800488
-14.8,13,126.839362
-39.9,201,127.339848
-2.4,13,127.378014
-10.75,3,127.380237
-11.15,3,127.409903
-10.55,3,127.412688
-12.4,9,127.420273
-10.25,2,127.421803
-10.4,2,127.45167
-10.85,3,127.453915
-10.85,3,127.456507
-11.7,5,127.460602
-13.15,8,127.495298
-40.0,201,127.997855
-11.5,6,128.030809
-11.25,6,128.035566
-10.45,2,128.037097
-12.5,9,128.075276
-11.65,4,128.078656
-10.45,2,128.080228
-13.05,12,128.117244
-10.5,2,128.118929
-10.4,2,128.120391
-12.2,9,128.156158
-12.5,5,128.160626
-10.6,2,128.162105
-11.3,5,128.16606
-10.75,3,128.197503
-11.9,9,128.204799
-12.1,5,128.208527
-10.2,2,128.238748
-2.0,7,128.245184
-11.05,3,128.247656
-11.25,6,128.280867
-12.1,5,128.284878
-1.8,7,128.290079
-12.55,7,128.324239
-11.9,5,128.328103
-10.6,2,128.329628
-11.45,7,128.363309
-10.35,2,128.36509
-11.5,4,128.368223
-11.75,8,128.403471
-12.1,8,128.410254
-12.3,6,128.415198
-14.2,13,128.454402
-11.65,7,128.488268
-11.15,4,128.491405
-11.5,4,128.494893
7.9,15,128.535735
-10.4,2,128.537278
-11.2,4,128.540302
-10.35,2,128.569375
-12.15,11,128.578062
-11.05,4,128.608302
-11.35,7,128.614206
-3.4,9,128.64977
-11.7,5,128.653976
-1.05,8,128.660356
-40.0,201,129.401578
-0.25,3,129.403908
-11.65,8,129.437492
-13.5,8,129.443748
-11.15,7,129.476942
-30.1,201,129.977544
-30.7,201,130.503321
-12.25,7,130.50869
-10.55,3,130.511166
-0.95,7,130.544988
-11.8,6,130.549732
-13.8,9,130.584906
-11.2,4,130.587885
-12.5,6,130.59229
-11.25,3,130.594679
-11.05,3,130.624889
-13.15,8,130.631166
-11.3,4,130.634095
-11.05,6,130.666263
-12.05,11,130.674604
-1.1,8,130.708478
-11.5,4,130.711859
-30.7,201,131.239972
-12.8,8,131.246216
-30.0,201,131.767028
-11.6,9,131.77426
-12.7,9,131.810505
-11.95,7,131.816464
-10.75,3,131.846879
-11.7,12,131.856767
-11.5,10,131.893196
-1.65,5,131.897503
-11.65,4,131.928637
-11.85,8,131.935478
-12.25,7,131.941152
-11.75,6,131.974697
-12.5,14,132.015864
-11.35,4,132.019155
-10.65,2,132.020845
-12.8,8,132.057103
-1.1,6,132.062184
-12.45,10,132.099033
-11.4,8,132.105907
-40.1,201,132.626631
-10.55,2,132.628207
-13.35,14,132.666707
-11.2,8,132.67324
-11.8,9,132.707793
-12.7,5,132.712057
-11.1,5,132.716067
-10.85,3,132.746734
-11.95,7,132.752517
-10.65,3,132.754741
-13.15,7,132.787597
-11.95,7,132.793339
-11.15,3,132.795646
-0.3,5,132.826945
-12.55,7,132.83227
-10.35,2,132.833841
-12.1,4,132.837256
-14.35,7,132.870742
-12.0,13,132.91027
-10.75,3,132.912651
-13.35,10,132.920791
-1.3,9,132.957185
-1.65,10,132.995666
-10.45,4,132.998679
-11.2,4,133.002447
-12.1,5,133.006621
-13.75,7,133.041601
-11.2,4,133.044756
-10.35,2,133.046283
-11.35,3,133.048758
-10.85,3,133.081912
-11.45,7,133.089068
-10.85,3,133.092074
-1.4,10,133.138518
-12.0,6,133.143399
-13.85,8,133.17922
-11.95,7,133.18492
8.95,9,133.2213
-11.0,6,133.22648
-11.85,6,133.231265
-0.9,7,133.26832
-11.35,7,133.273891
-10.6,4,133.306038
-12.55,7,133.311498
-11.2,4,133.315527
-10.9,4,133.346538
-12.4,8,133.352984
5.35,25,133.429108
-12.25,6,133.433687
-11.1,5,133.438786
-13.0,6,133.474182
-11.2,4,133.477542
-13.0,9,133.484569
-12.8,10,133.521007
-12.5,6,133.52571
8.5,11,133.562011
-2.2,15,133.602834
-11.8,4,133.606604
-15.4,9,133.641529
-14.15,10,133.67703
-11.85,8,133.683088
-11.65,4,133.686544
-13.0,6,133.718795
-11.15,3,133.721024
-10.3,2,133.722667
-11.25,6,133.727443
-11.0,6,133.761382
-11.35,4,133.764855
-14.6,9,133.800699
-12.1,5,133.804872
-12.0,6,133.810021
-12.75,11,133.846941
-12.1,8,133.853542
-12.5,5,133.88663
-12.55,11,133.895866
-12.7,10,133.931867
-13.25,6,133.936988
-10.85,3,133.967551
-15.35,11,133.976692
-1.5,8,134.010975
-10.4,2,134.012684
-18.2,65,134.181867
-11.45,7,134.187292
-1.05,8,134.221902
-13.15,8,134.22816
-12.55,7,134.261734
-10.65,3,134.264177
-1.7,9,134.301466
-11.45,3,134.303854
-11.95,7,134.309134
-13.4,9,134.344127
-11.65,4,134.347525
-11.25,6,134.352511
-13.4,8,134.387317
-12.25,6,134.391944
-11.2,4,134.423504
-12.25,6,134.428398
-14.85,11,134.464427
-11.0,4,134.46801
-12.0,8,134.474198
-14.2,9,134.510059
9.7,6,134.514652
-12.6,9,134.549042
-11.5,6,134.553843
-13.2,9,134.588787
-10.4,2,134.590297
-11.5,4,134.593866
-14.1,9,134.629279
-10.4,2,134.630779
-39.9,201,135.128573
-2.2,11,135.166544
-11.5,4,135.169954
-30.0,201,135.693387
-0.05,3,135.695713
-12.7,9,135.729973
-10.55,7,135.735615
-11.25,6,135.740349
-0.75,7,135.773287
-11.05,3,135.775527
-11.05,3,135.778191
-11.2,5,135.809901
-11.05,4,135.813004
-13.75,7,135.818532
-10.55,3,135.820971
-12.6,9,135.856964
-40.1,201,136.384678
-12.25,6,136.389347
-10.75,3,136.391651
-10.35,2,136.393464
-11.35,7,136.426371
-0.65,4,136.429349
-10.35,2,136.43095
-14.3,9,136.465116
-40.1,201,136.969262
-12.45,8,137.004312
-1.35,9,137.01193
-11.05,6,137.045171
-11.0,5,137.048973
-2.5,7,137.054652
-11.2,4,137.087031
-11.1,6,137.091584
-10.3,2,137.093533
-11.35,4,137.096928
-1.8,10,137.133043
-11.55,6,137.148609
-11.95,7,137.182005
-2.55,12,137.220813
-12.55,7,137.226545
-12.85,7,137.232098
-14.25,11,137.268586
-10.9,5,137.272543
-13.45,7,137.306873
-10.7,5,137.311109
-2.35,12,137.349558
-10.35,3,137.352417
8.15,12,137.390234
-12.25,7,137.396037
-12.55,7,137.430761
-10.4,2,137.432341
-10.4,2,137.43392
-1.4,6,137.438761
-10.9,4,137.470129
-10.85,3,137.472734
-13.4,33,137.555471
-12.0,9,137.562452
-11.2,5,137.593993
-11.9,5,137.597805
-13.5,9,137.633107
-13.75,7,137.639004
-10.6,2,137.640588
-11.6,6,137.673383
-13.4,9,137.680678
-12.9,9,137.715812
-11.5,5,137.720184
-40.0,201,138.248165
-10.6,2,138.249737
-12.7,9,138.25711
-10.9,5,138.289495
-12.9,5,138.293496
-11.9,5,138.297392
-11.75,6,138.331263
-10.15,3,138.333728
-12.75,6,138.338686
-12.5,9,138.373874
-11.1,5,138.378361
-11.65,7,138.383486
-10.4,2,138.412706
-10.35,3,138.41495
-1.35,7,138.420573
-40.0,201,138.938327
-12.7,5,138.942142
-12.7,9,138.97762
-11.35,7,138.983189
-5.15,15,139.024192
-10.85,3,139.026822
-12.0,6,139.060053
-11.0,4,139.063159
-11.65,4,139.066295
-12.5,5,139.07039
-11.35,7,139.104423
-13.15,8,139.110974
-12.05,8,139.145786
-10.95,6,139.150332
-10.3,2,139.152181
-11.85,6,139.18713
-1.5,7,139.192485
-11.35,7,139.226691
-11.1,6,139.231225
-40.0,201,139.757176
-11.65,4,139.760841
-11.9,5,139.764687
-10.55,4,139.768344
-11.45,4,139.799374
-10.8,2,139.80101
-10.55,2,139.802702
-10.2,2,139.804254
-10.75,3,139.806516
-10.65,2,139.808102
-11.05,3,139.810773
-1.05,7,139.844081
-10.7,2,139.845653
-11.5,6,139.850273
-10.55,2,139.880369
-11.95,4,139.883472
-12.25,6,139.888397
-11.5,5,139.892194
-40.0,201,140.423884
-10.5,2,140.425343
-10.8,5,140.429644
-11.9,5,140.462451
-0.3,5,140.466231
-3.25,13,140.505801
-10.65,3,140.508024
-13.85,11,140.545013
-10.6,2,140.546614
-0.95,8,140.552767
8.45,7,140.586922
-12.9,9,140.594085
-13.9,13,140.633041
-10.75,3,140.635558
-12.4,8,140.670257
-10.5,2,140.67184
-11.9,5,140.675953
-10.2,2,140.677871
-12.1,6,140.711547
-10.9,4,140.715006
-10.5,2,140.716525
-12.55,6,140.749959
-10.3,2,140.751751
-12.6,6,140.756507
-11.4,5,140.761425
-11.65,7,140.796998
-2.15,15,140.837882
-10.75,4,140.841064
-10.75,3,140.843613
-13.5,8,140.878207
-11.7,8,140.884131
-10.5,2,140.886043
-11.2,4,140.91665
-1.55,10,140.925288
-13.15,8,140.96189
-10.85,6,140.966744
-10.85,3,140.969434
-30.0,201,141.579652
-2.1,10,141.587602
-12.7,9,141.622923
-12.7,5,141.6269
-11.7,5,141.660072
-11.4,5,141.664007
-2.35,12,141.702057
-2.2,11,141.710647
-15.0,9,141.748068
-29.2,176,142.220509
-12.3,5,142.225132
-10.35,2,142.227626
-2.15,11,142.26597
-12.05,6,142.271608
-12.2,9,142.308599
-13.1,13,142.348898
-2.7,14,142.388308
-40.0,201,142.896035
-12.0,6,142.929655
-40.0,201,143.438481
-11.55,7,143.47234
-13.15,8,143.478669
-11.65,7,143.512556
-11.5,6,143.517244
-40.0,201,144.05059
-13.4,9,144.058087
-10.35,2,144.060013
-1.7,9,144.095751
-2.6,10,144.103756
-12.25,7,144.137585
-11.3,5,144.141382
-11.05,3,144.144061
-11.85,6,144.17748
-1.5,10,144.185376
-11.8,4,144.217324
-10.45,3,144.220085
-0.75,7,144.22544
-11.25,3,144.228137
-12.25,4,144.260348
-10.95,3,144.262849
-12.55,10,144.270992
-11.0,5,144.302402
-11.1,5,144.306261
-1.85,12,144.344604
-40.4,201,144.842755
-11.5,5,144.87439
-10.95,3,144.877022
-12.1,10,144.912276
-19.8,94,145.126977
-10.65,3,145.157638
-10.45,3,145.160309
-10.9,5,145.165007
-11.95,7,145.201914
-12.0,6,145.206643
-13.4,9,145.213943
-11.95,4,145.246256
-11.5,4,145.24927
-16.7,41,145.447381
-10.95,3,145.449706
-30.1,201,145.950799
-12.5,6,145.985187
-12.85,6,145.990268
-12.5,6,145.995738
-10.6,6,146.028811
-3.4,9,146.036372
-12.25,7,146.0705
-10.45,3,146.072915
-11.95,7,146.078894
-10.45,2,146.108752
-17.3,17,146.152439
-10.6,2,146.154071
-15.0,9,146.161225
-11.4,9,146.196422
-12.1,5,146.200292
-13.15,7,146.234973
-30.1,201,146.735166
-10.75,6,146.767275
-12.55,7,146.773166
-12.1,4,146.776053
-40.1,201,147.314111
-2.25,12,147.351994
8.25,11,147.361183
-12.8,8,147.395048
-11.35,4,147.398073
-10.8,6,147.402852
-1.4,10,147.439188
-12.2,8,147.445256
-11.2,4,147.476916
-11.95,7,147.482304
-40.2,201,148.013698
-10.45,3,148.016163
-11.05,3,148.018831
-11.9,5,148.022734
-10.25,3,148.053339
-22.35,59,148.185543
-31.4,201,148.716297
-10.65,3,148.719152
-11.85,8,148.754325
-11.2,5,148.758053
-11.2,4,148.761183
8.95,11,148.797282
-30.0,201,149.297468
-10.45,2,149.298925
-11.9,9,149.333556
-1.05,5,149.337919
-39.9,201,150.007054
-10.75,3,150.009396
-12.25,6,150.014601
-11.3,5,150.046878
-30.3,201,150.554185
-10.65,2,150.555754
-10.95,3,150.587393
-11.15,10,150.595554
-40.0,201,151.126383
-13.35,12,151.164596
-12.25,7,151.170598
-12.55,8,151.205622
-12.65,23,151.253513
-14.2,9,151.289016
8.8,14,151.300238
-12.25,6,151.334661
-12.5,6,151.33962
-10.85,3,151.341875
-12.25,7,151.377202
-11.0,6,151.381748
-12.0,6,151.413936
-11.1,5,151.418744
-12.3,5,151.422781
9.7,7,151.456756
-10.7,8,151.463211
-10.85,3,151.465614
-13.45,7,151.499789
-13.2,25,151.550495
-14.2,9,151.584728
-0.85,4,151.587823
-11.95,7,151.622576
-14.6,9,151.630416
-11.05,7,151.664267
-12.0,6,151.669294
-40.0,201,152.172987
-10.65,2,152.203238
-10.4,2,152.204842
-12.75,6,152.209519
-10.75,3,152.212168
-12.9,8,152.246749
-12.0,9,152.253805
-13.55,11,152.290145
-8.5,58,152.450424
-11.0,6,152.455277
-11.7,5,152.459193
-12.35,8,152.492904
-1.95,11,152.530579
-12.85,7,152.536392
-13.15,7,152.541719
-10.65,3,152.574213
-11.4,5,152.578599
-11.5,6,152.583216
-12.4,8,152.617006
-12.1,4,152.620561
-11.5,4,152.623694
-11.15,4,152.656277
-2.1,8,152.662923
-14.55,11,152.699644
-2.55,19,152.742043
-10.85,6,152.746841
-10.85,3,152.749181
-0.85,7,152.782017
-0.55,7,152.787892
-12.85,11,152.825254
-11.25,3,152.827864
-10.5,2,152.829422
-11.0,5,152.860598
-40.2,201,153.356296
-12.9,5,153.389363
7.3,12,153.3991
-12.25,7,153.43337
-13.75,7,153.43938
-3.05,20,153.483676
-20.5,62,153.853925
-10.4,2,153.855515
-10.3,2,153.886225
-11.15,3,153.888803
-10.25,2,153.890317
-13.9,9,153.897597
-39.9,201,154.431941
-12.75,6,154.436893
-2.6,11,154.473917
-13.2,9,154.510665
-10.95,3,154.51301
-11.6,6,154.517791
-17.45,15,154.55801
-11.5,6,154.56308
-10.25,3,154.595669
-30.7,201,155.090042
-12.8,9,155.125535
-10.9,6,155.130295
-13.15,8,155.164975
-10.3,2,155.166543
-10.55,2,155.168041
-11.2,5,155.171784
-10.85,3,155.174386
-13.15,8,155.208458
-13.5,8,155.214475
-12.7,9,155.250602
-11.5,4,155.254124
-1.75,11,155.293018
-13.85,8,155.299542
-13.5,8,155.333929
-10.65,4,155.337301
-13.25,10,155.372167
-0.05,3,155.374549
-12.25,6,155.379232
-11.1,5,155.411545
-12.05,8,155.418062
-12.1,8,155.452365
-39.9,201,155.961704
-1.45,8,155.996567
-10.6,2,155.998125
-10.2,2,155.999633
-12.0,9,156.034164
-12.9,9,156.04165
-12.3,5,156.046374
-13.15,10,156.08286
-10.55,3,156.085829
-12.9,5,156.117612
-12.45,8,156.124303
-12.2,9,156.16106
-13.45,7,156.166355
-1.0,6,156.171418
-11.7,8,156.205941
-11.5,4,156.208861
-10.55,3,156.21139
-1.45,8,156.245872
-14.2,8,156.25237
-11.5,4,156.283341
-11.25,6,156.288502
-4.2,10,156.323393
-30.2,201,156.820977
-2.35,7,156.855188
-40.1,201,157.35828
-4.35,16,157.399353
-12.2,10,157.435518
-10.75,3,157.437853
-12.0,6,157.442473
-0.65,7,157.47587
-12.55,7,157.481684
-30.3,201,158.097371
-10.7,2,158.098928
-11.1,5,158.102971
-12.25,7,158.137232
-11.65,8,158.143689
-2.15,11,158.180624
-0.75,7,158.186349
-1.55,7,158.220355
-12.3,5,158.224132
-11.75,6,158.228869
-13.55,11,158.265728
-1.8,10,158.302764
-13.8,9,158.309585
-12.7,9,158.345333
-30.0,201,158.837502
-2.05,12,158.875794
-11.7,6,158.909602
-10.75,3,158.9124
-1.85,12,158.921525
-11.05,4,158.953115
-13.15,8,158.959019
-12.85,7,158.993003
-10.3,2,158.994991
-11.05,4,158.997944
-13.7,16,159.038543
-15.25,11,159.07531
-30.0,201,159.56767
-10.35,3,159.570268
-40.0,201,160.096509
-1.25,12,160.133876
-11.45,7,160.139645
-11.55,3,160.141916
-12.05,7,160.174733
-1.65,11,160.211055
-11.2,4,160.214087
-10.35,2,160.215637
-10.3,2,160.217159
-1.45,9,160.253464
-30.0,201,160.755154
-0.4,4,160.758125
-10.4,2,160.787996
-1.65,12,160.797622
-11.75,8,160.832527
-14.2,8,160.838889
-17.3,65,161.004253
-11.7,5,161.035841
-11.3,5,161.039616
-0.55,4,161.042645
-10.7,5,161.074364
-2.7,10,161.082557
-11.65,7,161.116452
-0.95,7,161.122261
-30.0,201,161.650392
-11.1,8,161.656737
-13.85,11,161.692516
-12.9,9,161.699525
-11.3,4,161.732009
-2.05,11,161.740759
-10.5,2,161.742304
-10.95,3,161.773497
-40.0,201,162.279114
-40.0,201,162.805314
-10.4,2,162.806853
-12.25,6,162.811623
-10.3,2,162.813171
-10.85,3,162.84285
-10.15,3,162.845787
-10.35,2,162.847352
-10.75,4,162.850455
-10.85,3,162.853267
-11.15,6,162.885893
-11.05,3,162.888273
-2.25,12,162.925452
-0.5,6,162.93056
-10.75,4,162.933672
-11.2,4,162.937242
-11.05,4,162.96868
-11.15,4,162.97211
-11.6,6,162.977239
-12.1,8,163.011879
-14.2,8,163.017966
-11.3,5,163.049716
-40.3,201,163.545089
-12.5,9,163.579959
-12.5,5,163.583852
-10.8,5,163.588126
-0.8,5,163.620064
-10.7,2,163.621695
-10.85,3,163.624108
-10.25,4,163.627594
-30.1,201,164.153341
-40.0,201,164.649284
-11.65,4,164.680881
-30.7,201,165.184858
-13.0,9,165.22096
-11.0,5,165.224672
-10.85,4,165.228291
-3.3,18,165.271797
-11.6,9,165.307459
-12.5,6,165.312218
-12.65,11,165.350604
-10.9,5,165.355182
-11.5,5,165.387232
-18.3,68,165.555065
-11.35,4,165.558151
-10.5,5,165.589397
-10.7,5,165.593235
-10.6,2,165.595086
-12.9,9,165.629354
-10.55,2,165.631094
-13.6,8,165.637912
-3.65,12,165.676222
-11.1,6,165.681581
-11.7,8,165.716009
-1.05,8,165.722416
-11.05,3,165.724753
-10.75,3,165.75493
